2.126000000000000000e+04
4.614700000000000000e+04
2.288000000000000000e+03
8.637000000000000000e+03
3.152000000000000000e+04
1.154000000000000000e+04
3.841200000000000000e+04
1.207000000000000000e+04
9.927000000000000000e+03
3.072200000000000000e+04
4.360700000000000000e+04
4.089800000000000000e+04
1.147400000000000000e+04
4.285200000000000000e+04
1.509200000000000000e+04
1.229500000000000000e+04
4.844900000000000000e+04
1.385600000000000000e+04
4.280500000000000000e+04
2.773200000000000000e+04
4.744800000000000000e+04
1.318600000000000000e+04
3.593200000000000000e+04
2.106100000000000000e+04
8.829000000000000000e+03
3.427000000000000000e+03
2.902000000000000000e+04
1.966500000000000000e+04
1.935000000000000000e+03
3.466800000000000000e+04
2.919000000000000000e+04
3.941800000000000000e+04
1.460000000000000000e+04
6.343000000000000000e+03
3.034200000000000000e+04
1.382700000000000000e+04
2.214900000000000000e+04
4.040100000000000000e+04
2.074300000000000000e+04
2.140000000000000000e+02
4.712400000000000000e+04
2.148700000000000000e+04
3.383200000000000000e+04
8.040000000000000000e+02
3.954800000000000000e+04
1.326900000000000000e+04
2.117400000000000000e+04
4.262000000000000000e+03
9.228000000000000000e+03
2.753800000000000000e+04
1.616300000000000000e+04
2.252500000000000000e+04
3.305600000000000000e+04
3.792800000000000000e+04
6.039000000000000000e+03
4.046000000000000000e+04
1.801700000000000000e+04
2.729400000000000000e+04
3.203200000000000000e+04
1.165000000000000000e+04
1.428800000000000000e+04
1.359600000000000000e+04
2.096400000000000000e+04
2.028500000000000000e+04
6.734000000000000000e+03
2.833400000000000000e+04
3.009200000000000000e+04
2.868200000000000000e+04
4.969700000000000000e+04
4.631800000000000000e+04
3.368200000000000000e+04
3.469200000000000000e+04
2.777800000000000000e+04
4.605400000000000000e+04
5.004000000000000000e+03
2.619200000000000000e+04
2.828900000000000000e+04
3.088000000000000000e+03
4.838700000000000000e+04
2.204700000000000000e+04
1.175900000000000000e+04
4.379800000000000000e+04
8.323000000000000000e+03
3.393100000000000000e+04
2.945600000000000000e+04
4.116600000000000000e+04
1.239000000000000000e+03
4.972400000000000000e+04
2.432000000000000000e+03
2.621500000000000000e+04
3.914600000000000000e+04
1.497100000000000000e+04
3.884600000000000000e+04
9.910000000000000000e+03
3.944100000000000000e+04
3.137100000000000000e+04
3.376000000000000000e+04
2.929800000000000000e+04
4.515200000000000000e+04
4.892800000000000000e+04
3.056900000000000000e+04
2.996600000000000000e+04
2.490700000000000000e+04
4.849000000000000000e+04
7.890000000000000000e+03
1.277900000000000000e+04
3.631900000000000000e+04
1.061200000000000000e+04
4.097400000000000000e+04
1.644400000000000000e+04
1.452700000000000000e+04
1.671000000000000000e+04
2.528000000000000000e+03
3.663700000000000000e+04
2.322500000000000000e+04
4.245400000000000000e+04
8.613000000000000000e+03
2.529900000000000000e+04
1.761400000000000000e+04
2.220700000000000000e+04
4.007100000000000000e+04
1.687500000000000000e+04
4.215600000000000000e+04
3.827800000000000000e+04
1.862000000000000000e+03
3.019000000000000000e+04
3.667300000000000000e+04
2.903000000000000000e+03
3.984100000000000000e+04
7.007000000000000000e+03
3.242300000000000000e+04
3.967100000000000000e+04
2.504800000000000000e+04
4.031500000000000000e+04
3.943600000000000000e+04
4.798200000000000000e+04
4.190400000000000000e+04
7.794000000000000000e+03
3.521100000000000000e+04
2.697600000000000000e+04
1.565400000000000000e+04
1.292800000000000000e+04
3.697700000000000000e+04
4.360500000000000000e+04
4.061200000000000000e+04
2.391000000000000000e+03
2.810000000000000000e+03
8.976000000000000000e+03
4.413900000000000000e+04
3.513900000000000000e+04
3.835300000000000000e+04
3.532300000000000000e+04
2.195300000000000000e+04
2.385800000000000000e+04
3.129400000000000000e+04
1.386300000000000000e+04
2.596500000000000000e+04
4.239100000000000000e+04
3.104400000000000000e+04
6.900000000000000000e+01
4.658400000000000000e+04
3.100700000000000000e+04
1.035900000000000000e+04
3.071500000000000000e+04
2.497000000000000000e+04
3.300800000000000000e+04
4.455500000000000000e+04
2.347400000000000000e+04
3.250500000000000000e+04
2.459000000000000000e+04
1.544300000000000000e+04
4.793600000000000000e+04
2.331800000000000000e+04
2.572500000000000000e+04
2.437500000000000000e+04
4.640400000000000000e+04
4.209800000000000000e+04
1.755100000000000000e+04
1.383800000000000000e+04
1.951800000000000000e+04
4.424500000000000000e+04
4.061100000000000000e+04
1.844500000000000000e+04
1.463800000000000000e+04
3.757100000000000000e+04
4.206600000000000000e+04
3.439100000000000000e+04
6.857000000000000000e+03
3.540300000000000000e+04
4.576200000000000000e+04
2.080000000000000000e+02
3.650700000000000000e+04
3.940000000000000000e+04
2.608700000000000000e+04
4.629200000000000000e+04
4.971800000000000000e+04
1.639600000000000000e+04
1.563800000000000000e+04
4.390300000000000000e+04
2.344100000000000000e+04
3.511100000000000000e+04
3.505300000000000000e+04
2.980800000000000000e+04
3.885300000000000000e+04
3.436000000000000000e+04
3.493800000000000000e+04
4.813800000000000000e+04
2.690500000000000000e+04
1.584900000000000000e+04
2.307000000000000000e+03
2.703100000000000000e+04
1.271800000000000000e+04
2.769000000000000000e+03
3.190000000000000000e+02
5.273000000000000000e+03
1.366100000000000000e+04
1.093100000000000000e+04
5.952000000000000000e+03
7.740000000000000000e+03
7.146000000000000000e+03
4.015000000000000000e+03
3.535100000000000000e+04
3.501000000000000000e+04
8.245000000000000000e+03
1.069000000000000000e+03
6.193000000000000000e+03
1.645900000000000000e+04
2.546600000000000000e+04
1.747100000000000000e+04
2.431000000000000000e+03
2.158500000000000000e+04
9.763000000000000000e+03
3.377700000000000000e+04
5.502000000000000000e+03
3.829700000000000000e+04
5.979000000000000000e+03
3.370000000000000000e+03
3.010600000000000000e+04
3.630500000000000000e+04
2.370000000000000000e+03
3.759200000000000000e+04
1.002200000000000000e+04
2.984000000000000000e+03
2.325600000000000000e+04
2.938900000000000000e+04
4.542300000000000000e+04
2.011400000000000000e+04
4.157700000000000000e+04
8.129000000000000000e+03
4.930200000000000000e+04
4.599700000000000000e+04
2.334200000000000000e+04
4.421100000000000000e+04
1.586600000000000000e+04
4.044200000000000000e+04
4.998800000000000000e+04
3.637500000000000000e+04
7.782000000000000000e+03
2.335400000000000000e+04
3.887000000000000000e+04
1.300600000000000000e+04
2.293900000000000000e+04
1.214700000000000000e+04
2.762700000000000000e+04
4.750400000000000000e+04
3.345500000000000000e+04
1.858900000000000000e+04
2.696000000000000000e+04
3.613500000000000000e+04
2.109500000000000000e+04
3.900200000000000000e+04
2.360600000000000000e+04
4.803900000000000000e+04
3.264900000000000000e+04
1.191400000000000000e+04
4.806800000000000000e+04
1.210000000000000000e+03
1.574900000000000000e+04
9.817000000000000000e+03
3.893700000000000000e+04
4.507400000000000000e+04
2.747400000000000000e+04
2.319300000000000000e+04
2.922700000000000000e+04
1.529300000000000000e+04
2.617700000000000000e+04
4.592300000000000000e+04
1.662800000000000000e+04
4.197000000000000000e+04
1.870000000000000000e+04
4.220900000000000000e+04
1.003800000000000000e+04
4.495200000000000000e+04
2.368100000000000000e+04
2.633300000000000000e+04
3.532800000000000000e+04
2.690800000000000000e+04
3.182200000000000000e+04
2.391000000000000000e+04
3.690600000000000000e+04
3.884100000000000000e+04
2.885900000000000000e+04
2.554300000000000000e+04
3.409200000000000000e+04
4.396000000000000000e+04
3.233700000000000000e+04
1.293400000000000000e+04
1.632000000000000000e+04
1.005000000000000000e+03
4.278400000000000000e+04
1.035400000000000000e+04
1.831200000000000000e+04
3.225200000000000000e+04
4.580000000000000000e+02
2.472800000000000000e+04
6.225000000000000000e+03
4.885100000000000000e+04
4.518000000000000000e+03
2.257300000000000000e+04
3.049100000000000000e+04
4.393600000000000000e+04
3.305900000000000000e+04
4.446100000000000000e+04
3.449800000000000000e+04
3.363800000000000000e+04
2.376000000000000000e+04
7.677000000000000000e+03
3.216500000000000000e+04
3.767100000000000000e+04
2.823300000000000000e+04
1.351600000000000000e+04
7.415000000000000000e+03
3.657200000000000000e+04
5.650000000000000000e+03
3.849700000000000000e+04
3.405000000000000000e+03
3.856800000000000000e+04
7.030000000000000000e+02
9.391000000000000000e+03
1.397000000000000000e+04
7.774000000000000000e+03
2.046500000000000000e+04
9.672000000000000000e+03
2.007600000000000000e+04
6.567000000000000000e+03
3.462100000000000000e+04
2.632600000000000000e+04
8.062000000000000000e+03
2.263900000000000000e+04
1.781100000000000000e+04
2.216600000000000000e+04
7.435000000000000000e+03
7.426000000000000000e+03
4.340900000000000000e+04
2.508900000000000000e+04
2.778900000000000000e+04
1.563000000000000000e+03
3.433100000000000000e+04
2.548600000000000000e+04
1.114700000000000000e+04
3.005700000000000000e+04
2.590400000000000000e+04
4.588200000000000000e+04
2.350600000000000000e+04
1.290600000000000000e+04
3.249600000000000000e+04
3.040700000000000000e+04
2.384200000000000000e+04
4.332100000000000000e+04
1.706400000000000000e+04
4.064000000000000000e+03
3.492200000000000000e+04
4.874200000000000000e+04
4.000000000000000000e+01
2.641000000000000000e+04
5.906000000000000000e+03
2.071600000000000000e+04
1.782900000000000000e+04
2.294300000000000000e+04
2.791200000000000000e+04
3.449700000000000000e+04
1.875600000000000000e+04
3.180000000000000000e+02
3.051000000000000000e+04
2.552900000000000000e+04
3.663200000000000000e+04
2.041400000000000000e+04
3.223800000000000000e+04
4.068400000000000000e+04
1.797200000000000000e+04
3.066200000000000000e+04
2.560300000000000000e+04
2.395000000000000000e+04
4.012400000000000000e+04
1.135100000000000000e+04
2.798300000000000000e+04
4.342000000000000000e+04
4.927000000000000000e+03
4.358800000000000000e+04
1.458800000000000000e+04
2.727600000000000000e+04
2.626400000000000000e+04
4.118300000000000000e+04
1.253800000000000000e+04
3.919500000000000000e+04
2.769000000000000000e+04
3.513700000000000000e+04
3.384700000000000000e+04
3.961800000000000000e+04
1.033700000000000000e+04
2.806400000000000000e+04
3.101400000000000000e+04
5.225000000000000000e+03
3.262800000000000000e+04
1.084200000000000000e+04
1.936900000000000000e+04
1.241900000000000000e+04
1.921600000000000000e+04
3.224500000000000000e+04
4.186200000000000000e+04
3.092600000000000000e+04
1.855700000000000000e+04
2.665200000000000000e+04
6.811000000000000000e+03
3.829100000000000000e+04
4.557900000000000000e+04
4.040200000000000000e+04
3.814600000000000000e+04
2.548000000000000000e+03
3.582100000000000000e+04
1.830000000000000000e+04
2.262900000000000000e+04
3.410600000000000000e+04
8.883000000000000000e+03
1.574000000000000000e+04
3.478500000000000000e+04
6.545000000000000000e+03
4.054800000000000000e+04
1.072200000000000000e+04
1.939900000000000000e+04
3.445900000000000000e+04
2.469000000000000000e+03
3.845700000000000000e+04
4.438100000000000000e+04
2.574700000000000000e+04
4.990700000000000000e+04
1.470900000000000000e+04
1.851000000000000000e+03
4.883200000000000000e+04
3.619500000000000000e+04
3.714800000000000000e+04
1.472900000000000000e+04
2.609200000000000000e+04
2.286800000000000000e+04
8.585000000000000000e+03
1.161200000000000000e+04
2.488300000000000000e+04
2.749700000000000000e+04
4.450700000000000000e+04
3.106500000000000000e+04
3.851900000000000000e+04
3.312000000000000000e+03
7.518000000000000000e+03
4.951000000000000000e+04
4.555300000000000000e+04
1.394100000000000000e+04
3.118900000000000000e+04
4.489600000000000000e+04
3.815600000000000000e+04
3.762100000000000000e+04
1.049900000000000000e+04
3.524900000000000000e+04
7.860000000000000000e+02
4.581300000000000000e+04
3.053600000000000000e+04
4.008400000000000000e+04
3.514000000000000000e+04
2.726500000000000000e+04
2.990000000000000000e+03
3.771400000000000000e+04
6.890000000000000000e+03
3.436900000000000000e+04
1.055400000000000000e+04
3.479800000000000000e+04
1.018100000000000000e+04
4.763900000000000000e+04
1.469200000000000000e+04
7.414000000000000000e+03
2.698300000000000000e+04
2.115600000000000000e+04
1.981200000000000000e+04
4.671000000000000000e+03
2.740000000000000000e+04
2.987700000000000000e+04
1.492700000000000000e+04
5.022000000000000000e+03
2.243900000000000000e+04
3.158000000000000000e+04
1.147000000000000000e+03
9.990000000000000000e+03
3.118800000000000000e+04
3.902000000000000000e+04
3.819600000000000000e+04
2.091000000000000000e+04
1.063300000000000000e+04
1.972000000000000000e+04
8.220000000000000000e+03
2.766000000000000000e+04
1.454800000000000000e+04
4.455100000000000000e+04
2.429000000000000000e+03
3.536300000000000000e+04
3.694200000000000000e+04
2.311500000000000000e+04
2.107500000000000000e+04
2.885300000000000000e+04
1.704700000000000000e+04
3.568000000000000000e+04
2.990000000000000000e+02
3.967700000000000000e+04
2.539300000000000000e+04
4.280000000000000000e+02
4.633500000000000000e+04
1.151800000000000000e+04
2.060100000000000000e+04
3.329300000000000000e+04
2.084500000000000000e+04
3.618900000000000000e+04
3.642000000000000000e+03
9.023000000000000000e+03
4.834000000000000000e+03
5.077000000000000000e+03
1.713600000000000000e+04
3.236400000000000000e+04
3.929600000000000000e+04
3.517000000000000000e+04
4.083200000000000000e+04
2.516300000000000000e+04
8.631000000000000000e+03
4.063400000000000000e+04
8.851000000000000000e+03
4.027900000000000000e+04
4.269100000000000000e+04
3.311400000000000000e+04
2.448300000000000000e+04
2.687200000000000000e+04
2.491000000000000000e+04
2.487900000000000000e+04
4.733000000000000000e+03
4.431000000000000000e+04
2.550000000000000000e+03
2.339600000000000000e+04
1.205700000000000000e+04
3.706800000000000000e+04
2.382700000000000000e+04
1.671600000000000000e+04
3.366300000000000000e+04
2.838400000000000000e+04
2.587000000000000000e+03
4.307400000000000000e+04
3.940400000000000000e+04
8.287000000000000000e+03
1.694600000000000000e+04
4.795700000000000000e+04
4.102300000000000000e+04
1.234500000000000000e+04
5.506000000000000000e+03
8.055000000000000000e+03
2.187000000000000000e+03
2.971700000000000000e+04
2.516900000000000000e+04
2.408000000000000000e+04
1.626000000000000000e+04
1.926900000000000000e+04
4.051800000000000000e+04
4.775700000000000000e+04
8.738000000000000000e+03
2.049200000000000000e+04
1.818800000000000000e+04
4.751200000000000000e+04
1.711900000000000000e+04
3.252900000000000000e+04
1.721300000000000000e+04
3.642500000000000000e+04
3.777700000000000000e+04
8.802000000000000000e+03
2.150600000000000000e+04
1.689000000000000000e+04
3.343200000000000000e+04
4.702700000000000000e+04
3.946500000000000000e+04
4.122200000000000000e+04
3.385300000000000000e+04
3.027500000000000000e+04
2.566800000000000000e+04
2.737400000000000000e+04
2.800900000000000000e+04
3.977400000000000000e+04
4.921000000000000000e+04
4.934100000000000000e+04
2.869700000000000000e+04
4.190200000000000000e+04
3.386000000000000000e+04
1.118600000000000000e+04
4.628400000000000000e+04
2.812600000000000000e+04
3.690000000000000000e+02
5.472000000000000000e+03
1.354700000000000000e+04
4.813100000000000000e+04
1.390400000000000000e+04
1.835100000000000000e+04
3.994000000000000000e+03
2.211600000000000000e+04
3.810100000000000000e+04
3.863600000000000000e+04
4.004700000000000000e+04
2.493900000000000000e+04
3.753200000000000000e+04
4.220000000000000000e+02
1.977400000000000000e+04
2.143700000000000000e+04
4.356800000000000000e+04
1.405000000000000000e+04
3.751100000000000000e+04
2.828600000000000000e+04
1.349700000000000000e+04
9.824000000000000000e+03
4.699000000000000000e+04
2.402600000000000000e+04
4.627900000000000000e+04
4.407300000000000000e+04
4.243800000000000000e+04
2.456800000000000000e+04
2.949000000000000000e+04
2.021900000000000000e+04
3.484900000000000000e+04
4.342300000000000000e+04
2.718100000000000000e+04
3.650000000000000000e+03
3.287600000000000000e+04
3.507200000000000000e+04
4.775900000000000000e+04
6.706000000000000000e+03
2.284100000000000000e+04
2.174900000000000000e+04
4.164300000000000000e+04
9.217000000000000000e+03
1.633000000000000000e+03
2.228600000000000000e+04
1.213100000000000000e+04
4.200000000000000000e+04
1.653800000000000000e+04
4.752600000000000000e+04
2.014000000000000000e+03
4.329100000000000000e+04
3.712200000000000000e+04
2.906500000000000000e+04
4.667000000000000000e+03
4.569700000000000000e+04
1.495400000000000000e+04
1.164500000000000000e+04
2.556400000000000000e+04
4.838200000000000000e+04
8.310000000000000000e+02
3.408500000000000000e+04
2.877000000000000000e+03
3.549200000000000000e+04
3.949700000000000000e+04
3.693400000000000000e+04
3.601400000000000000e+04
4.960000000000000000e+03
4.008500000000000000e+04
4.987500000000000000e+04
1.223000000000000000e+03
2.628000000000000000e+04
4.943400000000000000e+04
3.937100000000000000e+04
4.990900000000000000e+04
1.591600000000000000e+04
6.587000000000000000e+03
2.151300000000000000e+04
4.585000000000000000e+03
1.534200000000000000e+04
1.691300000000000000e+04
2.636700000000000000e+04
2.161200000000000000e+04
1.810200000000000000e+04
2.448000000000000000e+04
3.808500000000000000e+04
1.483500000000000000e+04
4.134400000000000000e+04
2.709800000000000000e+04
9.609000000000000000e+03
3.454500000000000000e+04
4.824700000000000000e+04
1.163200000000000000e+04
1.554000000000000000e+04
8.260000000000000000e+03
9.411000000000000000e+03
1.348700000000000000e+04
2.713400000000000000e+04
4.317900000000000000e+04
3.152800000000000000e+04
6.664000000000000000e+03
3.035200000000000000e+04
3.917600000000000000e+04
1.609200000000000000e+04
7.175000000000000000e+03
3.475900000000000000e+04
3.192500000000000000e+04
4.774200000000000000e+04
1.473600000000000000e+04
2.699800000000000000e+04
3.274300000000000000e+04
1.561300000000000000e+04
4.849100000000000000e+04
1.002600000000000000e+04
3.472800000000000000e+04
3.872800000000000000e+04
1.591000000000000000e+04
2.866100000000000000e+04
3.834600000000000000e+04
3.068000000000000000e+04
3.025700000000000000e+04
2.084600000000000000e+04
3.531100000000000000e+04
2.253100000000000000e+04
4.243700000000000000e+04
1.582400000000000000e+04
5.190000000000000000e+02
1.761100000000000000e+04
4.010300000000000000e+04
2.724700000000000000e+04
4.577700000000000000e+04
2.779200000000000000e+04
3.954300000000000000e+04
1.107800000000000000e+04
3.321400000000000000e+04
6.715000000000000000e+03
6.691000000000000000e+03
3.295000000000000000e+03
4.251400000000000000e+04
3.169000000000000000e+04
3.607000000000000000e+03
2.414700000000000000e+04
4.735900000000000000e+04
4.466400000000000000e+04
3.150100000000000000e+04
2.125100000000000000e+04
5.416000000000000000e+03
3.780100000000000000e+04
1.859700000000000000e+04
3.645300000000000000e+04
4.172200000000000000e+04
1.201000000000000000e+03
9.458000000000000000e+03
2.040700000000000000e+04
1.447700000000000000e+04
7.619000000000000000e+03
1.561900000000000000e+04
3.026900000000000000e+04
1.078400000000000000e+04
4.242200000000000000e+04
9.662000000000000000e+03
3.910700000000000000e+04
3.809300000000000000e+04
1.600700000000000000e+04
4.672200000000000000e+04
1.630000000000000000e+04
4.002600000000000000e+04
2.670400000000000000e+04
2.438200000000000000e+04
4.921900000000000000e+04
4.530800000000000000e+04
4.620900000000000000e+04
1.830000000000000000e+03
7.508000000000000000e+03
1.784900000000000000e+04
2.241900000000000000e+04
4.295400000000000000e+04
4.760600000000000000e+04
3.080300000000000000e+04
4.979500000000000000e+04
1.205600000000000000e+04
3.909500000000000000e+04
1.027000000000000000e+04
4.095800000000000000e+04
4.551500000000000000e+04
2.095000000000000000e+03
3.937000000000000000e+03
3.948000000000000000e+03
3.055300000000000000e+04
4.953100000000000000e+04
1.955200000000000000e+04
4.700500000000000000e+04
1.446000000000000000e+04
1.145700000000000000e+04
2.931800000000000000e+04
3.790400000000000000e+04
4.446400000000000000e+04
7.094000000000000000e+03
2.651200000000000000e+04
1.721800000000000000e+04
1.374700000000000000e+04
2.835600000000000000e+04
1.951400000000000000e+04
1.467700000000000000e+04
2.560200000000000000e+04
7.275000000000000000e+03
4.215200000000000000e+04
2.816200000000000000e+04
1.667600000000000000e+04
1.370100000000000000e+04
4.636900000000000000e+04
6.319000000000000000e+03
3.023800000000000000e+04
4.453200000000000000e+04
1.004000000000000000e+04
4.016200000000000000e+04
3.715000000000000000e+04
2.856200000000000000e+04
4.121900000000000000e+04
2.802800000000000000e+04
3.983000000000000000e+03
1.545600000000000000e+04
5.561000000000000000e+03
4.950900000000000000e+04
2.293600000000000000e+04
3.268000000000000000e+04
3.312000000000000000e+04
4.350000000000000000e+02
2.012600000000000000e+04
2.140600000000000000e+04
2.263300000000000000e+04
3.115500000000000000e+04
5.314000000000000000e+03
1.331700000000000000e+04
2.847900000000000000e+04
4.666600000000000000e+04
7.845000000000000000e+03
4.577400000000000000e+04
1.521400000000000000e+04
1.613500000000000000e+04
2.884500000000000000e+04
2.822300000000000000e+04
2.993600000000000000e+04
4.855200000000000000e+04
2.577100000000000000e+04
3.733700000000000000e+04
4.036600000000000000e+04
1.300900000000000000e+04
1.337600000000000000e+04
3.237000000000000000e+03
3.630000000000000000e+02
3.877800000000000000e+04
5.666000000000000000e+03
3.500100000000000000e+04
2.680700000000000000e+04
2.829000000000000000e+03
3.150300000000000000e+04
2.773700000000000000e+04
2.966000000000000000e+04
4.973400000000000000e+04
7.585000000000000000e+03
3.887600000000000000e+04
3.224400000000000000e+04
2.467600000000000000e+04
1.897100000000000000e+04
3.574700000000000000e+04
2.130300000000000000e+04
2.600200000000000000e+04
4.621200000000000000e+04
2.746300000000000000e+04
5.869000000000000000e+03
2.902800000000000000e+04
1.385100000000000000e+04
4.714500000000000000e+04
4.360000000000000000e+03
1.602500000000000000e+04
1.029600000000000000e+04
2.278900000000000000e+04
1.721200000000000000e+04
8.930000000000000000e+02
6.130000000000000000e+02
3.676100000000000000e+04
4.536600000000000000e+04
3.523800000000000000e+04
1.444900000000000000e+04
3.817000000000000000e+04
4.462400000000000000e+04
4.487000000000000000e+04
3.802500000000000000e+04
1.698100000000000000e+04
2.668300000000000000e+04
1.728200000000000000e+04
1.388200000000000000e+04
4.036800000000000000e+04
3.558100000000000000e+04
4.293900000000000000e+04
3.861900000000000000e+04
2.690000000000000000e+04
2.870900000000000000e+04
3.073400000000000000e+04
2.213200000000000000e+04
3.827500000000000000e+04
3.409100000000000000e+04
1.111000000000000000e+04
3.656500000000000000e+04
1.599600000000000000e+04
3.108200000000000000e+04
1.347900000000000000e+04
1.458900000000000000e+04
1.154000000000000000e+03
1.393500000000000000e+04
4.742900000000000000e+04
2.914200000000000000e+04
1.657100000000000000e+04
1.544800000000000000e+04
3.282000000000000000e+04
9.791000000000000000e+03
9.311000000000000000e+03
1.245000000000000000e+03
2.917600000000000000e+04
2.156600000000000000e+04
2.240300000000000000e+04
4.384600000000000000e+04
3.486000000000000000e+04
9.572000000000000000e+03
2.281400000000000000e+04
2.961300000000000000e+04
5.690000000000000000e+02
2.631800000000000000e+04
2.779400000000000000e+04
1.014000000000000000e+04
2.560800000000000000e+04
1.999800000000000000e+04
3.834400000000000000e+04
3.887700000000000000e+04
4.254400000000000000e+04
3.626800000000000000e+04
4.212000000000000000e+04
4.139800000000000000e+04
4.826000000000000000e+03
2.076500000000000000e+04
3.223500000000000000e+04
3.412500000000000000e+04
1.519200000000000000e+04
1.604100000000000000e+04
1.348300000000000000e+04
3.424200000000000000e+04
7.249000000000000000e+03
3.240000000000000000e+02
4.676500000000000000e+04
3.889000000000000000e+03
3.056000000000000000e+03
3.272500000000000000e+04
2.965200000000000000e+04
3.839600000000000000e+04
3.220500000000000000e+04
4.074600000000000000e+04
9.199000000000000000e+03
3.846000000000000000e+04
9.850000000000000000e+02
2.447700000000000000e+04
2.107000000000000000e+03
4.230200000000000000e+04
2.834100000000000000e+04
3.684700000000000000e+04
3.572300000000000000e+04
3.100000000000000000e+01
3.249000000000000000e+04
5.868000000000000000e+03
1.962900000000000000e+04
2.373000000000000000e+04
1.325300000000000000e+04
3.275400000000000000e+04
4.771000000000000000e+03
2.339000000000000000e+03
2.373200000000000000e+04
4.160800000000000000e+04
1.219500000000000000e+04
3.304900000000000000e+04
2.032200000000000000e+04
3.679200000000000000e+04
3.972100000000000000e+04
2.612000000000000000e+03
1.907800000000000000e+04
3.320000000000000000e+02
4.049500000000000000e+04
3.528700000000000000e+04
4.283000000000000000e+04
1.355200000000000000e+04
3.235800000000000000e+04
8.937000000000000000e+03
2.104600000000000000e+04
4.115900000000000000e+04
1.633800000000000000e+04
1.729400000000000000e+04
1.856000000000000000e+03
4.674100000000000000e+04
2.598400000000000000e+04
3.159500000000000000e+04
4.605500000000000000e+04
4.976900000000000000e+04
3.134000000000000000e+03
2.779000000000000000e+03
2.971400000000000000e+04
1.610200000000000000e+04
1.050500000000000000e+04
3.727500000000000000e+04
2.087000000000000000e+03
1.366000000000000000e+04
5.660000000000000000e+03
1.723800000000000000e+04
1.628200000000000000e+04
4.846000000000000000e+03
1.535500000000000000e+04
3.924500000000000000e+04
1.772800000000000000e+04
2.805700000000000000e+04
2.509500000000000000e+04
2.768100000000000000e+04
1.813000000000000000e+04
8.535000000000000000e+03
1.321100000000000000e+04
2.807300000000000000e+04
2.719500000000000000e+04
3.810000000000000000e+03
4.243600000000000000e+04
1.657900000000000000e+04
2.573700000000000000e+04
4.153800000000000000e+04
1.356900000000000000e+04
2.816000000000000000e+03
2.321200000000000000e+04
1.433000000000000000e+03
2.500000000000000000e+01
2.229900000000000000e+04
4.875400000000000000e+04
4.706000000000000000e+04
1.188400000000000000e+04
3.992800000000000000e+04
1.370200000000000000e+04
2.793200000000000000e+04
1.500800000000000000e+04
7.886000000000000000e+03
9.380000000000000000e+02
3.203000000000000000e+03
4.458600000000000000e+04
1.188900000000000000e+04
3.878000000000000000e+03
3.858700000000000000e+04
2.120900000000000000e+04
3.547000000000000000e+04
4.828500000000000000e+04
2.772600000000000000e+04
2.475300000000000000e+04
1.915100000000000000e+04
4.324700000000000000e+04
2.592000000000000000e+03
3.780200000000000000e+04
5.129000000000000000e+03
2.059900000000000000e+04
3.776900000000000000e+04
2.195700000000000000e+04
2.192700000000000000e+04
3.921200000000000000e+04
1.874100000000000000e+04
3.167200000000000000e+04
2.472100000000000000e+04
3.042900000000000000e+04
2.234400000000000000e+04
2.753000000000000000e+04
2.380900000000000000e+04
3.043800000000000000e+04
1.457000000000000000e+03
3.968400000000000000e+04
1.515300000000000000e+04
1.267000000000000000e+04
1.653400000000000000e+04
3.919200000000000000e+04
4.432000000000000000e+03
3.678800000000000000e+04
2.579000000000000000e+03
2.980400000000000000e+04
3.530400000000000000e+04
7.785000000000000000e+03
3.294300000000000000e+04
3.927200000000000000e+04
2.956000000000000000e+03
3.427200000000000000e+04
3.556700000000000000e+04
3.229800000000000000e+04
1.888800000000000000e+04
1.754300000000000000e+04
1.135000000000000000e+04
1.538300000000000000e+04
4.687900000000000000e+04
3.443000000000000000e+03
3.865500000000000000e+04
2.025300000000000000e+04
8.048000000000000000e+03
1.288600000000000000e+04
2.462600000000000000e+04
5.197000000000000000e+03
2.238200000000000000e+04
3.755900000000000000e+04
3.978700000000000000e+04
1.602300000000000000e+04
2.369500000000000000e+04
4.434200000000000000e+04
4.978300000000000000e+04
2.927700000000000000e+04
1.695700000000000000e+04
5.124000000000000000e+03
5.982000000000000000e+03
2.345100000000000000e+04
2.073900000000000000e+04
4.988800000000000000e+04
1.104800000000000000e+04
9.876000000000000000e+03
4.481900000000000000e+04
3.150900000000000000e+04
2.419600000000000000e+04
4.898300000000000000e+04
3.268900000000000000e+04
6.547000000000000000e+03
3.485200000000000000e+04
2.492300000000000000e+04
4.948800000000000000e+04
3.007300000000000000e+04
1.449200000000000000e+04
2.961800000000000000e+04
6.070000000000000000e+02
4.932300000000000000e+04
4.825300000000000000e+04
1.265000000000000000e+04
3.208100000000000000e+04
3.183400000000000000e+04
4.008000000000000000e+04
1.747600000000000000e+04
3.906300000000000000e+04
3.432900000000000000e+04
4.271200000000000000e+04
2.779800000000000000e+04
2.282300000000000000e+04
6.236000000000000000e+03
6.221000000000000000e+03
2.982000000000000000e+03
3.641800000000000000e+04
2.512300000000000000e+04
2.430100000000000000e+04
2.177000000000000000e+04
1.653900000000000000e+04
2.035000000000000000e+03
2.350700000000000000e+04
4.358000000000000000e+04
3.546300000000000000e+04
3.551500000000000000e+04
1.666400000000000000e+04
2.604200000000000000e+04
1.738300000000000000e+04
4.925900000000000000e+04
1.298300000000000000e+04
2.943800000000000000e+04
1.073200000000000000e+04
2.319100000000000000e+04
1.230900000000000000e+04
1.973100000000000000e+04
1.516000000000000000e+04
2.264900000000000000e+04
3.743500000000000000e+04
1.995100000000000000e+04
4.680000000000000000e+03
4.672700000000000000e+04
2.456900000000000000e+04
4.709500000000000000e+04
3.344200000000000000e+04
2.971900000000000000e+04
1.905200000000000000e+04
1.989700000000000000e+04
2.002000000000000000e+04
3.945400000000000000e+04
4.638900000000000000e+04
1.643800000000000000e+04
3.465100000000000000e+04
1.567300000000000000e+04
6.230000000000000000e+02
6.704000000000000000e+03
4.235900000000000000e+04
2.215000000000000000e+04
3.585400000000000000e+04
2.275200000000000000e+04
1.776500000000000000e+04
1.675500000000000000e+04
1.718000000000000000e+03
3.530000000000000000e+02
3.472500000000000000e+04
1.118800000000000000e+04
3.366400000000000000e+04
4.287000000000000000e+03
2.278100000000000000e+04
3.113000000000000000e+04
2.978400000000000000e+04
2.595400000000000000e+04
3.707600000000000000e+04
3.942400000000000000e+04
2.473900000000000000e+04
3.787000000000000000e+04
2.412900000000000000e+04
3.618400000000000000e+04
4.607000000000000000e+03
4.067000000000000000e+04
1.988800000000000000e+04
1.269300000000000000e+04
2.607200000000000000e+04
3.784000000000000000e+03
1.708400000000000000e+04
4.636000000000000000e+04
1.354800000000000000e+04
3.625900000000000000e+04
3.962000000000000000e+04
4.207400000000000000e+04
4.853000000000000000e+04
1.502000000000000000e+03
2.762000000000000000e+03
4.726600000000000000e+04
2.067000000000000000e+04
3.766600000000000000e+04
1.701800000000000000e+04
3.724600000000000000e+04
4.077900000000000000e+04
3.326700000000000000e+04
7.844000000000000000e+03
3.386100000000000000e+04
2.868000000000000000e+04
3.248100000000000000e+04
1.976200000000000000e+04
1.525100000000000000e+04
2.893800000000000000e+04
3.250900000000000000e+04
4.170600000000000000e+04
2.988200000000000000e+04
2.764000000000000000e+04
3.157300000000000000e+04
2.419000000000000000e+03
2.791400000000000000e+04
8.088000000000000000e+03
3.458200000000000000e+04
4.815100000000000000e+04
8.156000000000000000e+03
2.098900000000000000e+04
3.117700000000000000e+04
4.260900000000000000e+04
4.940500000000000000e+04
2.755100000000000000e+04
3.868000000000000000e+04
4.656000000000000000e+03
3.590000000000000000e+03
1.920000000000000000e+02
4.473500000000000000e+04
2.829900000000000000e+04
4.147000000000000000e+03
6.179000000000000000e+03
1.997400000000000000e+04
4.445100000000000000e+04
4.583500000000000000e+04
4.548700000000000000e+04
2.628500000000000000e+04
2.342600000000000000e+04
2.125600000000000000e+04
1.275900000000000000e+04
2.410800000000000000e+04
1.146400000000000000e+04
5.691000000000000000e+03
3.850700000000000000e+04
3.991100000000000000e+04
4.345300000000000000e+04
1.753600000000000000e+04
4.315300000000000000e+04
4.054000000000000000e+04
1.956100000000000000e+04
2.140100000000000000e+04
4.031100000000000000e+04
3.052500000000000000e+04
4.878600000000000000e+04
1.683000000000000000e+04
2.269900000000000000e+04
1.131100000000000000e+04
3.360900000000000000e+04
3.615500000000000000e+04
4.785300000000000000e+04
4.491600000000000000e+04
1.810500000000000000e+04
1.765200000000000000e+04
9.649000000000000000e+03
1.133300000000000000e+04
4.641300000000000000e+04
4.594200000000000000e+04
4.521700000000000000e+04
3.419000000000000000e+03
1.690100000000000000e+04
2.621200000000000000e+04
2.338600000000000000e+04
4.647000000000000000e+03
1.835300000000000000e+04
4.381400000000000000e+04
1.760900000000000000e+04
3.411400000000000000e+04
3.688700000000000000e+04
6.736000000000000000e+03
3.221900000000000000e+04
3.908300000000000000e+04
3.252200000000000000e+04
4.178600000000000000e+04
6.334000000000000000e+03
1.830800000000000000e+04
1.827200000000000000e+04
4.998000000000000000e+04
1.931000000000000000e+04
4.781000000000000000e+03
2.529200000000000000e+04
4.263000000000000000e+03
2.624600000000000000e+04
3.728600000000000000e+04
2.145000000000000000e+03
2.470300000000000000e+04
4.706600000000000000e+04
1.440700000000000000e+04
2.469500000000000000e+04
3.208800000000000000e+04
3.685400000000000000e+04
2.209800000000000000e+04
4.106400000000000000e+04
2.391300000000000000e+04
2.464100000000000000e+04
6.618000000000000000e+03
1.408000000000000000e+03
3.600000000000000000e+03
4.029900000000000000e+04
1.741000000000000000e+03
2.784600000000000000e+04
4.549000000000000000e+04
5.095000000000000000e+03
2.010100000000000000e+04
1.460300000000000000e+04
4.923500000000000000e+04
2.787200000000000000e+04
1.511400000000000000e+04
4.197000000000000000e+03
1.656500000000000000e+04
8.375000000000000000e+03
2.001100000000000000e+04
1.344100000000000000e+04
1.714900000000000000e+04
2.058100000000000000e+04
1.706900000000000000e+04
3.651500000000000000e+04
3.888300000000000000e+04
2.995700000000000000e+04
3.391900000000000000e+04
3.963100000000000000e+04
1.236100000000000000e+04
1.435800000000000000e+04
2.190400000000000000e+04
3.295600000000000000e+04
2.244500000000000000e+04
2.716900000000000000e+04
3.471000000000000000e+04
1.900000000000000000e+01
1.981000000000000000e+03
3.211200000000000000e+04
3.521700000000000000e+04
3.986100000000000000e+04
3.421000000000000000e+03
4.963600000000000000e+04
4.395600000000000000e+04
2.350200000000000000e+04
1.004200000000000000e+04
6.538000000000000000e+03
2.675400000000000000e+04
3.550800000000000000e+04
2.395500000000000000e+04
4.005900000000000000e+04
3.373000000000000000e+04
9.673000000000000000e+03
1.103000000000000000e+03
3.200800000000000000e+04
3.517700000000000000e+04
1.572500000000000000e+04
3.636900000000000000e+04
1.690700000000000000e+04
4.027800000000000000e+04
4.663000000000000000e+04
4.342000000000000000e+03
4.815200000000000000e+04
1.896200000000000000e+04
3.546100000000000000e+04
1.019800000000000000e+04
4.671600000000000000e+04
1.512300000000000000e+04
1.423400000000000000e+04
1.946100000000000000e+04
4.483200000000000000e+04
3.871300000000000000e+04
1.974200000000000000e+04
1.827900000000000000e+04
2.904000000000000000e+03
2.940100000000000000e+04
3.098900000000000000e+04
1.368200000000000000e+04
2.329000000000000000e+03
3.227400000000000000e+04
3.769500000000000000e+04
2.689800000000000000e+04
1.613700000000000000e+04
4.022400000000000000e+04
2.885200000000000000e+04
2.152700000000000000e+04
4.398600000000000000e+04
3.367000000000000000e+04
3.955800000000000000e+04
2.985000000000000000e+03
1.078800000000000000e+04
4.026000000000000000e+04
3.811500000000000000e+04
3.642600000000000000e+04
4.728000000000000000e+03
2.258400000000000000e+04
1.166400000000000000e+04
3.562000000000000000e+03
6.060000000000000000e+03
3.256400000000000000e+04
1.047700000000000000e+04
3.957500000000000000e+04
5.090000000000000000e+02
3.581500000000000000e+04
1.531900000000000000e+04
7.412000000000000000e+03
4.401800000000000000e+04
2.795900000000000000e+04
6.055000000000000000e+03
2.810400000000000000e+04
4.234900000000000000e+04
4.894900000000000000e+04
5.427000000000000000e+03
2.542100000000000000e+04
7.316000000000000000e+03
4.357200000000000000e+04
3.059600000000000000e+04
5.655000000000000000e+03
1.409000000000000000e+03
2.921900000000000000e+04
1.790600000000000000e+04
3.659400000000000000e+04
3.492000000000000000e+03
3.902000000000000000e+03
3.373200000000000000e+04
2.897600000000000000e+04
2.037000000000000000e+04
4.559000000000000000e+03
8.586000000000000000e+03
1.407200000000000000e+04
1.885000000000000000e+03
4.579400000000000000e+04
4.889000000000000000e+03
4.252400000000000000e+04
1.646500000000000000e+04
1.737900000000000000e+04
3.854200000000000000e+04
3.337900000000000000e+04
2.190000000000000000e+03
1.464400000000000000e+04
1.333700000000000000e+04
6.636000000000000000e+03
1.050000000000000000e+03
1.559700000000000000e+04
4.376100000000000000e+04
2.201300000000000000e+04
1.790300000000000000e+04
3.130100000000000000e+04
1.365000000000000000e+04
2.743200000000000000e+04
4.364000000000000000e+03
2.714100000000000000e+04
1.546000000000000000e+04
4.434700000000000000e+04
2.676800000000000000e+04
4.838900000000000000e+04
9.018000000000000000e+03
2.277200000000000000e+04
4.770000000000000000e+02
1.442000000000000000e+04
2.815200000000000000e+04
1.185100000000000000e+04
4.224900000000000000e+04
1.713700000000000000e+04
4.999700000000000000e+04
2.104300000000000000e+04
3.702200000000000000e+04
4.241400000000000000e+04
3.332600000000000000e+04
4.493000000000000000e+03
3.533000000000000000e+03
3.109500000000000000e+04
1.309300000000000000e+04
1.723000000000000000e+04
1.028100000000000000e+04
5.070000000000000000e+02
2.923900000000000000e+04
4.561800000000000000e+04
1.222000000000000000e+04
2.735700000000000000e+04
1.961400000000000000e+04
3.156900000000000000e+04
3.458400000000000000e+04
3.527600000000000000e+04
2.277700000000000000e+04
2.789800000000000000e+04
1.398100000000000000e+04
2.294100000000000000e+04
2.354600000000000000e+04
1.493400000000000000e+04
2.414400000000000000e+04
3.419900000000000000e+04
8.673000000000000000e+03
4.194500000000000000e+04
1.654900000000000000e+04
1.530000000000000000e+02
1.245800000000000000e+04
4.302000000000000000e+03
3.251000000000000000e+04
4.568900000000000000e+04
3.273900000000000000e+04
3.835900000000000000e+04
4.643900000000000000e+04
3.404000000000000000e+04
1.096100000000000000e+04
3.140700000000000000e+04
2.306000000000000000e+04
3.601200000000000000e+04
3.245400000000000000e+04
2.400800000000000000e+04
4.667200000000000000e+04
2.339100000000000000e+04
2.787000000000000000e+03
4.369300000000000000e+04
3.504200000000000000e+04
2.183000000000000000e+04
1.987400000000000000e+04
8.840000000000000000e+02
8.451000000000000000e+03
2.517100000000000000e+04
4.065000000000000000e+04
1.031600000000000000e+04
1.686100000000000000e+04
3.923700000000000000e+04
2.908900000000000000e+04
1.699400000000000000e+04
1.542300000000000000e+04
1.220000000000000000e+03
2.365200000000000000e+04
4.656100000000000000e+04
6.366000000000000000e+03
3.230700000000000000e+04
4.370200000000000000e+04
1.997100000000000000e+04
1.705400000000000000e+04
4.462500000000000000e+04
4.272000000000000000e+03
2.939000000000000000e+04
4.684000000000000000e+04
3.548000000000000000e+03
1.843000000000000000e+03
3.477500000000000000e+04
1.798900000000000000e+04
4.516900000000000000e+04
2.838800000000000000e+04
4.693400000000000000e+04
9.351000000000000000e+03
1.904700000000000000e+04
4.115800000000000000e+04
4.407900000000000000e+04
3.088500000000000000e+04
1.005000000000000000e+04
7.250000000000000000e+02
1.719500000000000000e+04
1.898900000000000000e+04
3.878600000000000000e+04
2.603200000000000000e+04
2.559900000000000000e+04
4.598000000000000000e+03
7.911000000000000000e+03
5.900000000000000000e+03
4.943900000000000000e+04
9.540000000000000000e+02
4.692700000000000000e+04
4.802900000000000000e+04
3.004900000000000000e+04
4.862000000000000000e+04
1.088300000000000000e+04
1.381200000000000000e+04
1.010000000000000000e+03
3.624000000000000000e+04
4.319800000000000000e+04
2.121200000000000000e+04
1.238300000000000000e+04
1.275100000000000000e+04
5.841000000000000000e+03
3.922600000000000000e+04
4.184800000000000000e+04
1.487000000000000000e+04
3.232000000000000000e+03
4.537000000000000000e+03
2.266800000000000000e+04
3.801800000000000000e+04
1.172100000000000000e+04
1.836000000000000000e+04
4.906600000000000000e+04
2.939700000000000000e+04
3.456000000000000000e+04
3.285300000000000000e+04
4.955000000000000000e+04
3.275000000000000000e+04
1.259800000000000000e+04
2.433800000000000000e+04
4.837200000000000000e+04
2.810900000000000000e+04
1.975200000000000000e+04
4.573500000000000000e+04
2.400900000000000000e+04
6.448000000000000000e+03
2.781700000000000000e+04
1.992400000000000000e+04
4.475200000000000000e+04
1.820300000000000000e+04
2.847600000000000000e+04
4.695900000000000000e+04
2.337200000000000000e+04
3.824800000000000000e+04
1.357200000000000000e+04
2.357300000000000000e+04
4.316500000000000000e+04
3.373400000000000000e+04
4.796300000000000000e+04
1.102900000000000000e+04
2.834700000000000000e+04
1.851100000000000000e+04
1.717400000000000000e+04
1.094200000000000000e+04
2.014700000000000000e+04
2.290900000000000000e+04
2.709200000000000000e+04
4.096000000000000000e+03
4.192200000000000000e+04
7.543000000000000000e+03
2.430300000000000000e+04
2.311000000000000000e+03
1.806700000000000000e+04
1.384700000000000000e+04
4.422700000000000000e+04
4.510300000000000000e+04
1.285300000000000000e+04
1.894200000000000000e+04
3.131500000000000000e+04
4.620600000000000000e+04
4.065700000000000000e+04
2.224100000000000000e+04
2.708600000000000000e+04
1.860000000000000000e+02
1.287300000000000000e+04
3.591000000000000000e+03
4.707100000000000000e+04
4.108000000000000000e+04
1.530900000000000000e+04
4.075200000000000000e+04
2.444800000000000000e+04
1.485500000000000000e+04
3.032600000000000000e+04
2.337400000000000000e+04
4.896400000000000000e+04
1.360400000000000000e+04
6.004000000000000000e+03
1.773900000000000000e+04
4.463800000000000000e+04
4.337400000000000000e+04
4.922000000000000000e+04
3.403500000000000000e+04
8.670000000000000000e+02
3.561100000000000000e+04
4.917900000000000000e+04
3.376900000000000000e+04
3.741300000000000000e+04
1.199400000000000000e+04
3.333000000000000000e+03
1.028300000000000000e+04
2.069800000000000000e+04
4.635000000000000000e+03
3.420000000000000000e+02
2.345200000000000000e+04
4.095500000000000000e+04
3.639400000000000000e+04
4.332600000000000000e+04
2.373700000000000000e+04
2.916700000000000000e+04
1.619000000000000000e+03
3.997800000000000000e+04
3.498500000000000000e+04
3.963300000000000000e+04
4.193000000000000000e+03
4.793100000000000000e+04
3.252100000000000000e+04
2.653300000000000000e+04
4.598000000000000000e+04
4.205300000000000000e+04
2.893000000000000000e+04
2.522700000000000000e+04
6.217000000000000000e+03
4.241900000000000000e+04
3.208200000000000000e+04
4.377300000000000000e+04
5.780000000000000000e+03
1.290400000000000000e+04
4.524800000000000000e+04
2.927300000000000000e+04
4.442500000000000000e+04
2.913300000000000000e+04
3.146400000000000000e+04
1.406400000000000000e+04
8.477000000000000000e+03
2.215800000000000000e+04
1.093000000000000000e+03
4.335600000000000000e+04
4.105400000000000000e+04
3.932600000000000000e+04
2.649900000000000000e+04
2.158000000000000000e+03
4.006600000000000000e+04
2.770400000000000000e+04
2.805800000000000000e+04
3.304700000000000000e+04
3.883500000000000000e+04
3.661200000000000000e+04
4.633600000000000000e+04
7.210000000000000000e+03
1.004300000000000000e+04
1.057000000000000000e+04
1.736300000000000000e+04
6.006000000000000000e+03
1.090000000000000000e+02
1.083500000000000000e+04
2.430800000000000000e+04
3.823400000000000000e+04
4.292000000000000000e+04
1.660500000000000000e+04
3.077900000000000000e+04
3.874000000000000000e+04
4.078700000000000000e+04
4.669000000000000000e+03
1.570000000000000000e+03
6.681000000000000000e+03
1.615600000000000000e+04
4.002300000000000000e+04
3.500700000000000000e+04
4.729700000000000000e+04
1.155200000000000000e+04
4.478300000000000000e+04
4.388000000000000000e+03
7.871000000000000000e+03
5.607000000000000000e+03
3.198600000000000000e+04
2.199700000000000000e+04
3.190900000000000000e+04
3.455600000000000000e+04
2.250000000000000000e+02
2.081600000000000000e+04
3.744000000000000000e+04
1.199800000000000000e+04
2.646800000000000000e+04
7.491000000000000000e+03
4.451000000000000000e+03
6.600000000000000000e+01
4.686200000000000000e+04
1.659200000000000000e+04
1.633000000000000000e+04
3.784300000000000000e+04
2.833000000000000000e+04
1.080200000000000000e+04
2.471900000000000000e+04
6.848000000000000000e+03
2.686200000000000000e+04
3.546400000000000000e+04
1.194300000000000000e+04
6.751000000000000000e+03
4.657300000000000000e+04
1.714000000000000000e+04
4.472200000000000000e+04
3.536700000000000000e+04
6.875000000000000000e+03
1.565700000000000000e+04
3.283200000000000000e+04
4.800200000000000000e+04
3.089000000000000000e+04
1.426800000000000000e+04
3.308000000000000000e+04
3.676600000000000000e+04
3.143200000000000000e+04
1.041600000000000000e+04
2.150100000000000000e+04
3.026300000000000000e+04
4.699500000000000000e+04
1.557100000000000000e+04
2.814700000000000000e+04
4.136100000000000000e+04
2.419100000000000000e+04
5.355000000000000000e+03
4.700300000000000000e+04
1.574500000000000000e+04
1.819000000000000000e+03
3.223000000000000000e+04
2.877600000000000000e+04
4.872900000000000000e+04
1.945400000000000000e+04
5.255000000000000000e+03
2.493600000000000000e+04
4.489700000000000000e+04
4.583300000000000000e+04
2.323600000000000000e+04
2.783600000000000000e+04
3.018900000000000000e+04
2.979400000000000000e+04
1.903000000000000000e+03
4.271400000000000000e+04
2.835500000000000000e+04
4.663000000000000000e+03
3.375000000000000000e+03
4.398000000000000000e+03
2.928400000000000000e+04
1.491000000000000000e+04
1.853500000000000000e+04
8.437000000000000000e+03
2.244000000000000000e+03
4.845500000000000000e+04
1.131300000000000000e+04
9.268000000000000000e+03
4.513100000000000000e+04
4.163500000000000000e+04
3.299000000000000000e+04
1.810000000000000000e+02
3.880200000000000000e+04
4.958500000000000000e+04
1.485000000000000000e+03
3.641400000000000000e+04
2.959100000000000000e+04
3.486400000000000000e+04
4.224000000000000000e+03
3.866100000000000000e+04
1.220200000000000000e+04
4.567900000000000000e+04
4.311300000000000000e+04
2.346200000000000000e+04
4.511200000000000000e+04
1.412400000000000000e+04
1.842200000000000000e+04
3.082500000000000000e+04
1.156300000000000000e+04
3.731000000000000000e+04
5.834000000000000000e+03
2.631500000000000000e+04
5.214000000000000000e+03
1.961700000000000000e+04
2.352800000000000000e+04
2.361000000000000000e+04
1.919700000000000000e+04
1.802500000000000000e+04
3.765700000000000000e+04
4.114800000000000000e+04
4.398800000000000000e+04
6.740000000000000000e+02
2.625300000000000000e+04
2.298800000000000000e+04
3.327400000000000000e+04
1.707200000000000000e+04
4.696000000000000000e+04
1.821900000000000000e+04
1.955000000000000000e+04
4.480700000000000000e+04
2.819800000000000000e+04
3.803200000000000000e+04
3.621400000000000000e+04
4.202700000000000000e+04
9.726000000000000000e+03
2.071500000000000000e+04
1.322300000000000000e+04
2.957500000000000000e+04
4.833400000000000000e+04
2.994700000000000000e+04
8.371000000000000000e+03
3.367800000000000000e+04
3.457400000000000000e+04
4.558000000000000000e+03
5.421000000000000000e+03
3.763000000000000000e+04
1.129000000000000000e+03
5.079000000000000000e+03
2.127800000000000000e+04
1.702000000000000000e+04
1.154300000000000000e+04
1.703100000000000000e+04
3.700400000000000000e+04
2.700500000000000000e+04
4.485000000000000000e+04
1.149000000000000000e+03
1.215700000000000000e+04
1.845200000000000000e+04
4.159800000000000000e+04
4.785500000000000000e+04
2.481700000000000000e+04
3.420600000000000000e+04
2.155200000000000000e+04
2.403600000000000000e+04
4.028000000000000000e+04
5.835000000000000000e+03
2.619000000000000000e+03
2.154200000000000000e+04
3.453200000000000000e+04
3.317000000000000000e+03
4.503600000000000000e+04
1.572100000000000000e+04
7.561000000000000000e+03
1.443800000000000000e+04
1.501300000000000000e+04
4.952200000000000000e+04
3.854700000000000000e+04
3.147300000000000000e+04
4.788000000000000000e+03
1.175400000000000000e+04
1.639800000000000000e+04
3.414600000000000000e+04
4.649800000000000000e+04
4.612800000000000000e+04
2.711500000000000000e+04
4.231900000000000000e+04
3.731200000000000000e+04
3.267400000000000000e+04
7.344000000000000000e+03
4.834700000000000000e+04
2.010000000000000000e+04
1.710600000000000000e+04
2.672500000000000000e+04
3.004400000000000000e+04
3.500000000000000000e+01
2.921600000000000000e+04
7.234000000000000000e+03
7.560000000000000000e+03
2.439700000000000000e+04
6.838000000000000000e+03
4.358700000000000000e+04
3.589100000000000000e+04
4.592500000000000000e+04
4.439500000000000000e+04
2.590000000000000000e+02
4.067800000000000000e+04
1.480000000000000000e+02
2.071800000000000000e+04
3.289700000000000000e+04
2.252000000000000000e+03
1.529000000000000000e+03
1.763000000000000000e+03
3.903500000000000000e+04
4.208000000000000000e+03
2.774100000000000000e+04
4.195400000000000000e+04
3.952200000000000000e+04
2.455300000000000000e+04
3.856000000000000000e+04
3.000200000000000000e+04
1.536000000000000000e+03
3.369600000000000000e+04
4.087300000000000000e+04
3.675000000000000000e+03
3.631400000000000000e+04
2.420000000000000000e+02
4.024300000000000000e+04
3.569800000000000000e+04
1.153200000000000000e+04
1.430300000000000000e+04
3.836700000000000000e+04
1.901300000000000000e+04
2.610300000000000000e+04
4.650300000000000000e+04
3.085300000000000000e+04
8.183000000000000000e+03
2.253800000000000000e+04
2.841000000000000000e+03
3.273700000000000000e+04
8.505000000000000000e+03
1.101700000000000000e+04
1.120800000000000000e+04
2.629500000000000000e+04
1.478500000000000000e+04
2.965100000000000000e+04
3.261200000000000000e+04
4.808000000000000000e+03
2.245700000000000000e+04
4.755200000000000000e+04
2.549600000000000000e+04
7.169000000000000000e+03
8.147000000000000000e+03
2.222800000000000000e+04
6.646000000000000000e+03
3.024700000000000000e+04
4.752800000000000000e+04
9.140000000000000000e+03
1.770100000000000000e+04
2.058800000000000000e+04
7.954000000000000000e+03
3.164700000000000000e+04
2.977400000000000000e+04
2.796600000000000000e+04
3.709200000000000000e+04
1.263400000000000000e+04
1.667900000000000000e+04
8.260000000000000000e+02
4.074500000000000000e+04
2.832300000000000000e+04
1.260000000000000000e+04
6.248000000000000000e+03
4.500800000000000000e+04
4.115300000000000000e+04
2.924300000000000000e+04
1.437200000000000000e+04
3.531400000000000000e+04
2.034200000000000000e+04
4.932500000000000000e+04
1.592200000000000000e+04
3.397600000000000000e+04
3.459500000000000000e+04
1.806600000000000000e+04
4.836400000000000000e+04
4.843900000000000000e+04
2.698200000000000000e+04
9.381000000000000000e+03
4.505000000000000000e+04
3.651000000000000000e+03
4.395000000000000000e+04
1.705600000000000000e+04
2.260300000000000000e+04
1.910000000000000000e+03
4.712000000000000000e+03
1.602100000000000000e+04
9.900000000000000000e+01
1.438000000000000000e+04
4.133800000000000000e+04
3.836000000000000000e+03
4.839600000000000000e+04
1.199500000000000000e+04
1.828600000000000000e+04
4.974900000000000000e+04
3.989200000000000000e+04
3.556300000000000000e+04
5.354000000000000000e+03
1.967000000000000000e+03
2.672900000000000000e+04
2.191700000000000000e+04
2.256500000000000000e+04
1.344000000000000000e+04
2.243000000000000000e+04
3.496700000000000000e+04
1.910000000000000000e+02
3.097500000000000000e+04
1.839500000000000000e+04
4.603900000000000000e+04
4.492100000000000000e+04
1.979700000000000000e+04
3.258700000000000000e+04
5.811000000000000000e+03
4.430000000000000000e+04
2.580400000000000000e+04
5.245000000000000000e+03
2.866300000000000000e+04
4.169600000000000000e+04
4.273200000000000000e+04
4.236200000000000000e+04
2.095600000000000000e+04
8.410000000000000000e+03
2.952900000000000000e+04
3.554000000000000000e+03
3.147000000000000000e+04
1.062500000000000000e+04
3.608300000000000000e+04
3.530300000000000000e+04
2.358200000000000000e+04
1.421900000000000000e+04
3.418300000000000000e+04
4.870000000000000000e+04
3.747000000000000000e+03
2.833700000000000000e+04
3.741400000000000000e+04
2.295200000000000000e+04
2.652700000000000000e+04
2.270000000000000000e+02
2.648100000000000000e+04
3.864700000000000000e+04
1.441500000000000000e+04
2.543400000000000000e+04
4.560000000000000000e+03
6.660000000000000000e+02
7.290000000000000000e+02
2.663100000000000000e+04
2.125400000000000000e+04
2.068900000000000000e+04
3.271400000000000000e+04
1.322000000000000000e+04
4.103800000000000000e+04
1.521000000000000000e+04
4.553100000000000000e+04
2.426700000000000000e+04
5.442000000000000000e+03
5.656000000000000000e+03
2.534000000000000000e+04
4.953600000000000000e+04
2.285300000000000000e+04
1.210800000000000000e+04
7.663000000000000000e+03
4.104400000000000000e+04
3.685900000000000000e+04
4.747400000000000000e+04
3.310000000000000000e+03
1.381800000000000000e+04
3.450300000000000000e+04
2.521000000000000000e+03
4.549500000000000000e+04
4.366500000000000000e+04
4.569600000000000000e+04
2.551700000000000000e+04
3.595200000000000000e+04
2.929300000000000000e+04
2.906100000000000000e+04
4.604500000000000000e+04
6.615000000000000000e+03
3.536400000000000000e+04
3.014000000000000000e+03
5.477000000000000000e+03
3.149000000000000000e+03
4.792500000000000000e+04
5.750000000000000000e+03
1.438600000000000000e+04
4.567300000000000000e+04
2.120300000000000000e+04
2.809700000000000000e+04
2.511900000000000000e+04
2.084200000000000000e+04
4.479000000000000000e+04
1.735000000000000000e+03
3.067800000000000000e+04
4.160200000000000000e+04
4.565400000000000000e+04
3.184200000000000000e+04
1.120200000000000000e+04
7.950000000000000000e+02
4.298700000000000000e+04
1.641600000000000000e+04
2.964000000000000000e+03
3.859800000000000000e+04
2.925200000000000000e+04
8.531000000000000000e+03
9.619000000000000000e+03
3.382000000000000000e+04
8.212000000000000000e+03
1.403500000000000000e+04
4.101400000000000000e+04
3.577500000000000000e+04
4.212300000000000000e+04
4.626700000000000000e+04
1.480400000000000000e+04
4.368000000000000000e+04
4.402300000000000000e+04
1.768200000000000000e+04
4.727800000000000000e+04
1.631800000000000000e+04
2.045000000000000000e+03
6.979000000000000000e+03
3.845600000000000000e+04
2.800200000000000000e+04
1.189900000000000000e+04
2.675200000000000000e+04
2.125300000000000000e+04
2.857900000000000000e+04
3.860900000000000000e+04
9.650000000000000000e+03
3.421300000000000000e+04
4.794800000000000000e+04
1.874600000000000000e+04
9.608000000000000000e+03
1.690300000000000000e+04
3.992200000000000000e+04
4.765800000000000000e+04
1.041500000000000000e+04
7.769000000000000000e+03
3.940000000000000000e+02
1.195300000000000000e+04
2.774000000000000000e+03
3.913600000000000000e+04
3.898000000000000000e+03
4.592600000000000000e+04
2.325700000000000000e+04
3.059500000000000000e+04
8.590000000000000000e+02
2.730800000000000000e+04
4.128600000000000000e+04
2.700600000000000000e+04
4.147100000000000000e+04
4.720200000000000000e+04
3.086500000000000000e+04
4.074400000000000000e+04
7.578000000000000000e+03
2.854000000000000000e+03
4.907400000000000000e+04
1.286800000000000000e+04
4.194700000000000000e+04
3.147900000000000000e+04
3.031900000000000000e+04
1.479500000000000000e+04
2.669000000000000000e+03
4.928900000000000000e+04
4.703700000000000000e+04
1.724800000000000000e+04
4.410300000000000000e+04
2.208100000000000000e+04
2.422600000000000000e+04
1.808300000000000000e+04
2.831700000000000000e+04
2.262000000000000000e+04
1.244600000000000000e+04
1.471800000000000000e+04
4.990800000000000000e+04
6.964000000000000000e+03
1.431100000000000000e+04
4.302300000000000000e+04
2.294400000000000000e+04
3.361400000000000000e+04
4.160100000000000000e+04
8.110000000000000000e+03
2.533500000000000000e+04
2.103600000000000000e+04
2.302200000000000000e+04
2.708900000000000000e+04
1.466500000000000000e+04
2.186900000000000000e+04
1.878700000000000000e+04
2.119800000000000000e+04
1.466600000000000000e+04
9.916000000000000000e+03
1.649000000000000000e+03
3.354200000000000000e+04
2.938100000000000000e+04
2.647500000000000000e+04
2.068100000000000000e+04
4.208800000000000000e+04
2.510500000000000000e+04
1.806800000000000000e+04
1.413800000000000000e+04
1.374100000000000000e+04
2.340000000000000000e+02
4.645000000000000000e+04
2.144400000000000000e+04
3.330300000000000000e+04
2.372100000000000000e+04
4.001200000000000000e+04
2.107800000000000000e+04
4.989600000000000000e+04
4.489300000000000000e+04
4.586000000000000000e+04
2.208000000000000000e+04
2.283000000000000000e+04
5.020000000000000000e+02
4.470800000000000000e+04
4.890900000000000000e+04
3.565000000000000000e+04
3.991200000000000000e+04
2.540300000000000000e+04
3.801000000000000000e+04
4.339900000000000000e+04
2.876300000000000000e+04
2.835900000000000000e+04
6.359000000000000000e+03
9.250000000000000000e+02
2.312600000000000000e+04
4.891500000000000000e+04
4.522000000000000000e+03
4.663800000000000000e+04
2.748600000000000000e+04
4.721200000000000000e+04
4.122700000000000000e+04
2.167700000000000000e+04
3.058400000000000000e+04
2.628100000000000000e+04
4.998500000000000000e+04
4.852100000000000000e+04
3.999000000000000000e+03
1.248600000000000000e+04
5.301000000000000000e+03
4.671300000000000000e+04
4.610200000000000000e+04
4.128400000000000000e+04
1.619100000000000000e+04
3.778100000000000000e+04
1.610000000000000000e+03
7.095000000000000000e+03
2.875900000000000000e+04
3.255400000000000000e+04
9.809000000000000000e+03
4.440800000000000000e+04
9.645000000000000000e+03
4.954500000000000000e+04
3.873900000000000000e+04
4.170500000000000000e+04
1.784300000000000000e+04
3.157200000000000000e+04
3.497900000000000000e+04
1.342800000000000000e+04
4.246400000000000000e+04
9.213000000000000000e+03
3.151000000000000000e+04
4.484200000000000000e+04
4.488100000000000000e+04
1.474800000000000000e+04
1.777400000000000000e+04
4.454000000000000000e+03
2.525300000000000000e+04
2.615900000000000000e+04
2.687700000000000000e+04
9.838000000000000000e+03
3.608800000000000000e+04
1.522100000000000000e+04
3.199700000000000000e+04
1.447100000000000000e+04
4.692500000000000000e+04
2.627500000000000000e+04
4.938000000000000000e+04
5.493000000000000000e+03
2.812000000000000000e+03
2.096000000000000000e+03
3.611800000000000000e+04
1.153600000000000000e+04
1.054300000000000000e+04
2.035000000000000000e+04
1.915800000000000000e+04
1.916100000000000000e+04
6.889000000000000000e+03
3.772100000000000000e+04
3.862800000000000000e+04
4.697800000000000000e+04
2.356900000000000000e+04
8.826000000000000000e+03
3.972500000000000000e+04
2.980200000000000000e+04
1.047100000000000000e+04
1.115400000000000000e+04
2.276200000000000000e+04
4.930800000000000000e+04
2.403100000000000000e+04
6.114000000000000000e+03
1.495200000000000000e+04
1.138800000000000000e+04
2.530000000000000000e+03
1.070000000000000000e+02
1.160800000000000000e+04
1.546300000000000000e+04
1.644000000000000000e+03
1.700100000000000000e+04
2.723300000000000000e+04
5.337000000000000000e+03
3.594100000000000000e+04
1.602700000000000000e+04
2.501000000000000000e+03
1.941300000000000000e+04
2.976300000000000000e+04
3.226100000000000000e+04
1.982000000000000000e+03
1.002000000000000000e+04
2.387500000000000000e+04
4.396100000000000000e+04
1.101100000000000000e+04
1.433600000000000000e+04
4.740600000000000000e+04
3.728000000000000000e+04
4.887100000000000000e+04
2.114600000000000000e+04
2.763000000000000000e+03
4.200800000000000000e+04
3.245600000000000000e+04
4.505200000000000000e+04
3.281600000000000000e+04
5.556000000000000000e+03
4.882100000000000000e+04
4.817000000000000000e+04
2.289900000000000000e+04
2.427800000000000000e+04
2.177300000000000000e+04
1.846300000000000000e+04
3.028600000000000000e+04
1.280200000000000000e+04
4.085400000000000000e+04
2.561200000000000000e+04
1.961200000000000000e+04
8.786000000000000000e+03
3.421600000000000000e+04
1.153700000000000000e+04
1.799600000000000000e+04
1.993300000000000000e+04
1.044800000000000000e+04
6.643000000000000000e+03
3.698000000000000000e+04
7.396000000000000000e+03
2.945000000000000000e+03
2.168800000000000000e+04
1.979000000000000000e+04
4.857300000000000000e+04
3.579300000000000000e+04
3.988000000000000000e+03
3.496100000000000000e+04
9.612000000000000000e+03
2.366200000000000000e+04
1.208000000000000000e+04
3.350900000000000000e+04
2.335300000000000000e+04
2.478800000000000000e+04
2.382500000000000000e+04
5.981000000000000000e+03
3.617300000000000000e+04
4.680800000000000000e+04
4.414900000000000000e+04
3.938500000000000000e+04
2.242700000000000000e+04
4.103500000000000000e+04
7.032000000000000000e+03
3.314800000000000000e+04
4.601300000000000000e+04
1.157600000000000000e+04
4.434800000000000000e+04
3.146700000000000000e+04
4.438400000000000000e+04
2.639000000000000000e+04
1.486900000000000000e+04
2.803900000000000000e+04
4.926100000000000000e+04
7.650000000000000000e+02
3.454800000000000000e+04
2.089700000000000000e+04
1.635800000000000000e+04
1.588100000000000000e+04
1.660400000000000000e+04
2.216300000000000000e+04
4.989500000000000000e+04
3.355000000000000000e+04
2.734200000000000000e+04
4.296100000000000000e+04
4.620000000000000000e+02
2.255200000000000000e+04
8.769000000000000000e+03
2.470500000000000000e+04
2.377900000000000000e+04
2.066400000000000000e+04
3.895400000000000000e+04
3.951100000000000000e+04
2.717800000000000000e+04
3.599300000000000000e+04
4.230400000000000000e+04
2.180000000000000000e+04
3.830000000000000000e+03
2.416300000000000000e+04
1.931800000000000000e+04
4.353200000000000000e+04
4.798600000000000000e+04
4.245300000000000000e+04
2.748200000000000000e+04
2.898500000000000000e+04
3.910000000000000000e+02
4.661400000000000000e+04
3.409500000000000000e+04
4.869100000000000000e+04
3.794000000000000000e+04
2.560700000000000000e+04
1.414000000000000000e+04
3.458100000000000000e+04
3.849500000000000000e+04
2.278800000000000000e+04
1.216000000000000000e+03
2.063400000000000000e+04
2.573300000000000000e+04
1.841600000000000000e+04
3.928400000000000000e+04
3.089000000000000000e+03
3.624300000000000000e+04
4.832600000000000000e+04
3.311500000000000000e+04
2.183300000000000000e+04
2.857000000000000000e+04
3.467000000000000000e+03
2.521800000000000000e+04
1.880300000000000000e+04
4.560400000000000000e+04
1.037300000000000000e+04
3.658000000000000000e+03
4.286700000000000000e+04
2.020700000000000000e+04
2.347000000000000000e+04
1.046000000000000000e+04
2.603800000000000000e+04
2.148000000000000000e+04
1.769000000000000000e+03
2.603900000000000000e+04
3.591000000000000000e+04
1.262300000000000000e+04
2.580200000000000000e+04
1.077100000000000000e+04
6.915000000000000000e+03
2.308200000000000000e+04
3.143700000000000000e+04
1.786600000000000000e+04
4.838100000000000000e+04
1.799400000000000000e+04
4.365800000000000000e+04
4.220600000000000000e+04
3.018800000000000000e+04
2.600700000000000000e+04
2.484300000000000000e+04
3.578500000000000000e+04
4.481300000000000000e+04
1.240000000000000000e+02
5.463000000000000000e+03
3.125800000000000000e+04
1.038600000000000000e+04
3.290800000000000000e+04
1.326500000000000000e+04
2.091900000000000000e+04
3.092300000000000000e+04
4.620100000000000000e+04
2.844100000000000000e+04
1.559900000000000000e+04
3.699000000000000000e+04
4.147600000000000000e+04
1.144500000000000000e+04
2.503800000000000000e+04
6.872000000000000000e+03
2.975900000000000000e+04
4.836500000000000000e+04
9.658000000000000000e+03
8.189000000000000000e+03
2.670000000000000000e+02
1.954400000000000000e+04
1.829600000000000000e+04
4.840300000000000000e+04
1.912000000000000000e+04
4.820300000000000000e+04
2.621600000000000000e+04
3.349000000000000000e+04
5.574000000000000000e+03
2.746800000000000000e+04
3.651800000000000000e+04
3.222200000000000000e+04
1.113800000000000000e+04
4.489200000000000000e+04
3.499700000000000000e+04
4.432600000000000000e+04
1.187800000000000000e+04
1.469100000000000000e+04
2.098100000000000000e+04
4.741000000000000000e+04
2.532000000000000000e+04
2.063200000000000000e+04
6.399000000000000000e+03
2.945900000000000000e+04
1.599300000000000000e+04
5.766000000000000000e+03
2.180100000000000000e+04
4.515600000000000000e+04
3.163000000000000000e+03
1.970800000000000000e+04
2.584800000000000000e+04
2.828700000000000000e+04
2.479500000000000000e+04
5.983000000000000000e+03
3.417900000000000000e+04
4.121500000000000000e+04
3.690400000000000000e+04
1.772600000000000000e+04
3.096000000000000000e+03
3.032700000000000000e+04
2.365400000000000000e+04
4.537200000000000000e+04
2.585400000000000000e+04
1.298600000000000000e+04
2.644600000000000000e+04
7.090000000000000000e+02
4.321500000000000000e+04
2.297300000000000000e+04
1.069700000000000000e+04
1.678500000000000000e+04
3.043000000000000000e+04
3.088400000000000000e+04
1.774900000000000000e+04
3.595500000000000000e+04
2.999600000000000000e+04
9.167000000000000000e+03
1.313800000000000000e+04
4.386600000000000000e+04
3.403000000000000000e+04
4.246900000000000000e+04
3.490000000000000000e+03
2.475500000000000000e+04
2.516100000000000000e+04
2.630500000000000000e+04
4.852800000000000000e+04
1.475300000000000000e+04
1.305900000000000000e+04
2.928000000000000000e+04
2.003700000000000000e+04
3.512500000000000000e+04
2.135000000000000000e+04
2.491800000000000000e+04
1.389000000000000000e+03
2.123000000000000000e+03
1.911400000000000000e+04
3.124500000000000000e+04
1.782200000000000000e+04
3.940600000000000000e+04
2.212800000000000000e+04
1.626800000000000000e+04
1.723300000000000000e+04
3.562600000000000000e+04
4.458400000000000000e+04
2.692300000000000000e+04
3.348100000000000000e+04
3.674000000000000000e+03
2.136000000000000000e+03
1.968000000000000000e+03
2.615300000000000000e+04
8.987000000000000000e+03
1.994400000000000000e+04
2.788700000000000000e+04
4.638600000000000000e+04
2.420000000000000000e+03
4.438600000000000000e+04
5.319000000000000000e+03
3.855500000000000000e+04
3.550500000000000000e+04
1.428100000000000000e+04
4.247600000000000000e+04
1.924700000000000000e+04
1.286400000000000000e+04
1.601200000000000000e+04
2.861200000000000000e+04
1.605900000000000000e+04
2.871500000000000000e+04
3.696400000000000000e+04
3.541200000000000000e+04
2.777500000000000000e+04
3.728000000000000000e+03
3.426000000000000000e+04
1.217700000000000000e+04
3.935300000000000000e+04
4.914200000000000000e+04
2.359000000000000000e+04
4.919300000000000000e+04
2.616200000000000000e+04
4.809200000000000000e+04
3.283100000000000000e+04
2.943000000000000000e+04
3.724300000000000000e+04
2.941100000000000000e+04
4.440900000000000000e+04
4.926000000000000000e+04
2.606300000000000000e+04
3.052100000000000000e+04
9.487000000000000000e+03
1.493000000000000000e+03
1.365800000000000000e+04
4.253000000000000000e+03
4.651300000000000000e+04
2.008400000000000000e+04
8.897000000000000000e+03
2.445000000000000000e+04
1.586700000000000000e+04
1.093400000000000000e+04
4.885200000000000000e+04
3.254800000000000000e+04
2.503200000000000000e+04
2.611500000000000000e+04
2.883800000000000000e+04
2.538100000000000000e+04
2.940900000000000000e+04
2.715300000000000000e+04
1.328000000000000000e+04
8.675000000000000000e+03
3.938800000000000000e+04
3.161400000000000000e+04
4.838500000000000000e+04
1.851900000000000000e+04
3.008400000000000000e+04
2.665000000000000000e+03
3.993200000000000000e+04
3.334200000000000000e+04
4.995800000000000000e+04
6.769000000000000000e+03
4.770100000000000000e+04
5.441000000000000000e+03
5.888000000000000000e+03
1.350300000000000000e+04
1.350900000000000000e+04
4.065100000000000000e+04
3.282200000000000000e+04
1.140600000000000000e+04
2.030900000000000000e+04
4.968300000000000000e+04
3.078700000000000000e+04
2.130100000000000000e+04
4.792300000000000000e+04
3.339800000000000000e+04
5.257000000000000000e+03
1.842300000000000000e+04
1.066900000000000000e+04
8.658000000000000000e+03
2.513900000000000000e+04
3.580400000000000000e+04
4.929000000000000000e+03
4.172800000000000000e+04
3.514400000000000000e+04
4.835300000000000000e+04
4.715600000000000000e+04
4.071600000000000000e+04
1.393800000000000000e+04
4.364600000000000000e+04
1.164800000000000000e+04
3.447500000000000000e+04
8.075000000000000000e+03
2.496300000000000000e+04
4.851900000000000000e+04
4.444800000000000000e+04
3.570000000000000000e+03
4.302600000000000000e+04
4.851800000000000000e+04
1.710200000000000000e+04
2.226500000000000000e+04
3.302300000000000000e+04
4.402000000000000000e+03
3.993700000000000000e+04
8.473000000000000000e+03
2.957000000000000000e+04
3.767300000000000000e+04
2.073800000000000000e+04
2.982500000000000000e+04
4.365000000000000000e+04
4.524700000000000000e+04
4.355000000000000000e+04
3.184000000000000000e+04
1.169000000000000000e+04
3.665600000000000000e+04
7.060000000000000000e+03
3.852000000000000000e+04
2.686300000000000000e+04
3.843600000000000000e+04
3.436800000000000000e+04
3.645500000000000000e+04
1.751300000000000000e+04
1.481000000000000000e+03
1.216900000000000000e+04
4.511100000000000000e+04
7.520000000000000000e+02
4.926800000000000000e+04
4.454600000000000000e+04
1.256900000000000000e+04
2.096000000000000000e+04
1.888100000000000000e+04
1.563200000000000000e+04
4.804000000000000000e+04
4.777100000000000000e+04
1.756400000000000000e+04
2.635800000000000000e+04
3.702800000000000000e+04
5.335000000000000000e+03
9.230000000000000000e+03
1.540900000000000000e+04
2.651100000000000000e+04
2.810800000000000000e+04
2.028300000000000000e+04
1.775800000000000000e+04
2.907000000000000000e+04
6.840000000000000000e+02
4.549400000000000000e+04
1.127700000000000000e+04
1.998000000000000000e+04
1.530800000000000000e+04
8.611000000000000000e+03
3.245300000000000000e+04
2.877800000000000000e+04
1.429100000000000000e+04
3.420700000000000000e+04
4.375900000000000000e+04
2.352300000000000000e+04
1.879300000000000000e+04
2.510000000000000000e+04
4.131000000000000000e+03
4.378000000000000000e+04
2.513700000000000000e+04
2.178300000000000000e+04
1.937500000000000000e+04
1.411700000000000000e+04
2.958300000000000000e+04
1.257100000000000000e+04
3.888200000000000000e+04
1.566000000000000000e+04
2.471600000000000000e+04
6.728000000000000000e+03
2.595100000000000000e+04
2.365300000000000000e+04
3.124400000000000000e+04
4.143900000000000000e+04
2.878600000000000000e+04
1.430900000000000000e+04
3.224800000000000000e+04
4.433900000000000000e+04
3.833000000000000000e+03
4.520000000000000000e+04
4.908900000000000000e+04
2.594200000000000000e+04
4.655500000000000000e+04
2.847400000000000000e+04
1.417600000000000000e+04
8.813000000000000000e+03
3.478600000000000000e+04
2.014600000000000000e+04
3.259900000000000000e+04
3.362300000000000000e+04
2.027800000000000000e+04
4.237900000000000000e+04
5.606000000000000000e+03
2.723000000000000000e+04
3.850000000000000000e+02
3.177000000000000000e+03
2.472200000000000000e+04
1.354200000000000000e+04
8.523000000000000000e+03
2.650700000000000000e+04
1.695600000000000000e+04
3.526600000000000000e+04
3.184000000000000000e+03
3.140800000000000000e+04
3.787400000000000000e+04
4.897000000000000000e+04
1.428200000000000000e+04
3.228800000000000000e+04
1.460800000000000000e+04
1.239200000000000000e+04
1.964800000000000000e+04
1.757100000000000000e+04
4.762400000000000000e+04
2.237700000000000000e+04
2.949700000000000000e+04
3.329400000000000000e+04
2.587600000000000000e+04
1.141800000000000000e+04
3.663000000000000000e+04
3.343000000000000000e+04
3.812100000000000000e+04
4.300400000000000000e+04
3.306100000000000000e+04
4.773300000000000000e+04
3.229300000000000000e+04
4.869300000000000000e+04
3.151700000000000000e+04
4.804300000000000000e+04
6.860000000000000000e+03
9.796000000000000000e+03
1.279200000000000000e+04
2.771400000000000000e+04
1.098600000000000000e+04
2.894000000000000000e+03
1.784600000000000000e+04
2.221500000000000000e+04
2.078500000000000000e+04
1.071000000000000000e+03
9.607000000000000000e+03
1.375500000000000000e+04
4.796700000000000000e+04
2.128600000000000000e+04
2.925300000000000000e+04
4.919000000000000000e+04
2.119700000000000000e+04
3.836200000000000000e+04
3.810700000000000000e+04
9.502000000000000000e+03
8.315000000000000000e+03
5.359000000000000000e+03
1.332400000000000000e+04
6.375000000000000000e+03
2.735300000000000000e+04
4.108700000000000000e+04
4.667500000000000000e+04
9.201000000000000000e+03
2.205500000000000000e+04
1.939500000000000000e+04
4.964100000000000000e+04
3.937700000000000000e+04
4.812900000000000000e+04
1.528400000000000000e+04
4.108900000000000000e+04
1.955800000000000000e+04
3.727300000000000000e+04
3.012500000000000000e+04
8.539000000000000000e+03
4.571000000000000000e+03
2.292100000000000000e+04
1.216400000000000000e+04
4.232000000000000000e+03
4.396200000000000000e+04
1.292100000000000000e+04
2.187500000000000000e+04
8.831000000000000000e+03
1.665400000000000000e+04
1.410500000000000000e+04
9.933000000000000000e+03
4.524100000000000000e+04
1.174500000000000000e+04
2.227100000000000000e+04
4.171500000000000000e+04
4.653100000000000000e+04
2.835200000000000000e+04
4.328600000000000000e+04
4.852900000000000000e+04
3.077500000000000000e+04
4.579700000000000000e+04
1.696100000000000000e+04
3.644400000000000000e+04
1.161600000000000000e+04
2.388900000000000000e+04
4.440400000000000000e+04
5.032000000000000000e+03
3.646300000000000000e+04
4.457800000000000000e+04
3.845100000000000000e+04
4.913800000000000000e+04
2.212200000000000000e+04
2.296800000000000000e+04
9.473000000000000000e+03
2.813700000000000000e+04
2.570500000000000000e+04
4.284100000000000000e+04
4.456000000000000000e+04
3.586600000000000000e+04
6.793000000000000000e+03
4.934700000000000000e+04
2.689000000000000000e+03
1.124800000000000000e+04
4.196300000000000000e+04
2.377200000000000000e+04
1.206200000000000000e+04
4.703100000000000000e+04
1.203900000000000000e+04
4.023100000000000000e+04
3.719000000000000000e+04
4.574900000000000000e+04
4.904300000000000000e+04
1.370800000000000000e+04
2.466900000000000000e+04
4.479900000000000000e+04
7.818000000000000000e+03
2.892000000000000000e+03
4.909300000000000000e+04
1.889700000000000000e+04
7.554000000000000000e+03
1.770700000000000000e+04
1.784700000000000000e+04
3.195500000000000000e+04
4.412500000000000000e+04
3.366700000000000000e+04
3.609000000000000000e+03
8.553000000000000000e+03
7.168000000000000000e+03
4.703900000000000000e+04
4.567600000000000000e+04
1.281600000000000000e+04
1.148100000000000000e+04
3.729300000000000000e+04
4.327900000000000000e+04
6.923000000000000000e+03
4.940700000000000000e+04
4.943500000000000000e+04
4.287900000000000000e+04
1.403900000000000000e+04
1.328500000000000000e+04
3.605300000000000000e+04
4.652000000000000000e+03
4.833000000000000000e+03
1.953000000000000000e+04
2.327500000000000000e+04
2.929700000000000000e+04
1.787600000000000000e+04
2.699100000000000000e+04
4.897900000000000000e+04
9.776000000000000000e+03
4.682800000000000000e+04
4.359900000000000000e+04
2.849300000000000000e+04
4.287100000000000000e+04
2.625000000000000000e+04
3.740400000000000000e+04
4.546400000000000000e+04
1.586200000000000000e+04
1.675300000000000000e+04
2.300800000000000000e+04
2.999800000000000000e+04
3.939900000000000000e+04
1.984100000000000000e+04
4.352100000000000000e+04
8.480000000000000000e+02
5.846000000000000000e+03
2.037100000000000000e+04
3.383600000000000000e+04
4.189900000000000000e+04
1.359000000000000000e+03
2.362500000000000000e+04
2.790900000000000000e+04
2.395000000000000000e+03
1.688500000000000000e+04
2.279000000000000000e+03
6.214000000000000000e+03
3.364100000000000000e+04
1.882600000000000000e+04
1.250800000000000000e+04
1.011000000000000000e+03
1.619000000000000000e+04
3.364400000000000000e+04
3.951900000000000000e+04
2.407600000000000000e+04
2.788600000000000000e+04
2.460600000000000000e+04
1.602200000000000000e+04
4.355400000000000000e+04
2.363500000000000000e+04
3.675300000000000000e+04
8.379000000000000000e+03
4.298000000000000000e+03
2.114800000000000000e+04
4.600500000000000000e+04
4.720600000000000000e+04
3.527400000000000000e+04
2.321800000000000000e+04
3.100000000000000000e+02
1.050900000000000000e+04
2.221000000000000000e+03
3.286000000000000000e+03
5.948000000000000000e+03
3.749000000000000000e+04
4.899200000000000000e+04
3.213000000000000000e+03
8.581000000000000000e+03
4.112700000000000000e+04
4.396900000000000000e+04
5.023000000000000000e+03
4.466900000000000000e+04
3.749400000000000000e+04
4.735500000000000000e+04
2.370200000000000000e+04
3.975000000000000000e+03
4.661100000000000000e+04
4.058700000000000000e+04
1.887700000000000000e+04
8.540000000000000000e+02
4.412400000000000000e+04
1.205800000000000000e+04
3.419300000000000000e+04
1.558600000000000000e+04
4.672600000000000000e+04
3.209200000000000000e+04
3.302800000000000000e+04
3.576900000000000000e+04
6.337000000000000000e+03
2.448800000000000000e+04
4.049300000000000000e+04
1.889100000000000000e+04
3.614000000000000000e+03
2.660200000000000000e+04
3.184600000000000000e+04
5.820000000000000000e+03
2.795000000000000000e+03
2.688800000000000000e+04
2.065600000000000000e+04
1.868800000000000000e+04
1.152000000000000000e+04
3.718900000000000000e+04
2.899200000000000000e+04
6.307000000000000000e+03
4.331600000000000000e+04
7.981000000000000000e+03
2.320700000000000000e+04
2.998000000000000000e+04
1.655200000000000000e+04
4.849800000000000000e+04
4.250000000000000000e+04
5.170000000000000000e+02
8.200000000000000000e+03
2.926000000000000000e+03
4.921000000000000000e+03
3.341200000000000000e+04
2.286600000000000000e+04
2.387900000000000000e+04
4.482100000000000000e+04
2.485100000000000000e+04
2.018900000000000000e+04
4.539700000000000000e+04
2.830400000000000000e+04
2.165300000000000000e+04
1.157400000000000000e+04
2.562000000000000000e+04
8.319000000000000000e+03
3.005800000000000000e+04
1.540400000000000000e+04
4.586400000000000000e+04
1.101600000000000000e+04
2.233500000000000000e+04
4.834300000000000000e+04
7.511000000000000000e+03
4.255300000000000000e+04
6.987000000000000000e+03
2.897900000000000000e+04
1.411800000000000000e+04
1.592600000000000000e+04
2.711900000000000000e+04
1.309800000000000000e+04
2.342500000000000000e+04
2.553500000000000000e+04
2.171300000000000000e+04
1.990400000000000000e+04
1.555100000000000000e+04
2.804300000000000000e+04
2.981500000000000000e+04
2.422000000000000000e+04
3.065300000000000000e+04
4.402500000000000000e+04
2.900000000000000000e+01
2.024000000000000000e+03
4.987900000000000000e+04
4.912300000000000000e+04
2.265300000000000000e+04
1.884200000000000000e+04
2.299000000000000000e+04
2.898000000000000000e+04
6.161000000000000000e+03
2.929000000000000000e+03
3.701800000000000000e+04
2.133700000000000000e+04
4.419300000000000000e+04
3.468000000000000000e+03
3.657300000000000000e+04
2.025500000000000000e+04
1.425600000000000000e+04
2.085500000000000000e+04
1.690000000000000000e+03
4.398200000000000000e+04
3.593600000000000000e+04
4.669500000000000000e+04
3.940800000000000000e+04
4.569500000000000000e+04
1.163600000000000000e+04
4.490600000000000000e+04
3.230000000000000000e+04
2.510800000000000000e+04
2.549000000000000000e+03
4.187900000000000000e+04
3.365900000000000000e+04
1.618500000000000000e+04
8.746000000000000000e+03
1.831000000000000000e+04
2.353900000000000000e+04
1.514900000000000000e+04
2.520400000000000000e+04
7.005000000000000000e+03
4.103900000000000000e+04
1.693900000000000000e+04
7.156000000000000000e+03
2.687400000000000000e+04
2.522000000000000000e+03
4.966400000000000000e+04
4.058500000000000000e+04
3.137800000000000000e+04
2.998900000000000000e+04
2.968600000000000000e+04
4.046000000000000000e+03
4.155500000000000000e+04
3.958900000000000000e+04
3.113300000000000000e+04
2.797000000000000000e+04
4.833700000000000000e+04
4.612000000000000000e+04
3.252600000000000000e+04
2.944900000000000000e+04
1.727300000000000000e+04
2.481100000000000000e+04
2.670600000000000000e+04
4.034500000000000000e+04
3.114700000000000000e+04
1.205300000000000000e+04
3.976700000000000000e+04
4.673000000000000000e+04
4.374800000000000000e+04
2.306000000000000000e+03
4.420500000000000000e+04
2.159200000000000000e+04
1.291700000000000000e+04
2.519600000000000000e+04
2.693000000000000000e+04
1.913600000000000000e+04
4.734000000000000000e+04
2.199900000000000000e+04
4.205000000000000000e+04
7.727000000000000000e+03
2.432300000000000000e+04
3.731500000000000000e+04
3.730400000000000000e+04
1.400400000000000000e+04
3.661000000000000000e+04
1.592800000000000000e+04
7.830000000000000000e+03
4.097200000000000000e+04
3.181700000000000000e+04
9.488000000000000000e+03
3.432100000000000000e+04
2.265400000000000000e+04
5.230000000000000000e+02
1.175300000000000000e+04
3.473200000000000000e+04
1.185500000000000000e+04
8.205000000000000000e+03
1.926500000000000000e+04
8.175000000000000000e+03
1.271700000000000000e+04
4.469500000000000000e+04
1.204500000000000000e+04
2.671300000000000000e+04
9.997000000000000000e+03
4.814200000000000000e+04
3.547300000000000000e+04
1.890800000000000000e+04
3.122700000000000000e+04
4.384100000000000000e+04
3.697100000000000000e+04
3.256200000000000000e+04
9.715000000000000000e+03
2.684400000000000000e+04
4.542500000000000000e+04
3.248400000000000000e+04
4.332400000000000000e+04
4.311000000000000000e+04
1.144000000000000000e+04
1.092500000000000000e+04
4.057500000000000000e+04
4.812400000000000000e+04
3.760200000000000000e+04
4.272300000000000000e+04
3.894400000000000000e+04
3.783400000000000000e+04
3.329800000000000000e+04
9.854000000000000000e+03
3.733400000000000000e+04
2.942400000000000000e+04
2.033000000000000000e+03
6.077000000000000000e+03
2.594700000000000000e+04
3.320900000000000000e+04
1.140900000000000000e+04
1.461100000000000000e+04
1.975900000000000000e+04
2.782900000000000000e+04
3.682100000000000000e+04
3.006600000000000000e+04
1.148700000000000000e+04
3.913000000000000000e+03
4.090000000000000000e+02
3.538200000000000000e+04
2.780600000000000000e+04
2.221100000000000000e+04
4.578400000000000000e+04
2.847300000000000000e+04
2.748000000000000000e+03
4.693700000000000000e+04
4.469900000000000000e+04
3.833500000000000000e+04
3.980600000000000000e+04
1.027500000000000000e+04
3.874700000000000000e+04
1.650400000000000000e+04
2.305900000000000000e+04
1.683800000000000000e+04
1.066400000000000000e+04
3.745100000000000000e+04
3.609500000000000000e+04
7.379000000000000000e+03
2.125000000000000000e+03
4.915700000000000000e+04
3.172500000000000000e+04
1.568000000000000000e+03
1.120000000000000000e+03
3.150700000000000000e+04
3.748500000000000000e+04
4.047000000000000000e+03
2.077400000000000000e+04
4.637300000000000000e+04
1.515200000000000000e+04
4.133900000000000000e+04
2.582900000000000000e+04
4.889600000000000000e+04
4.627300000000000000e+04
1.165200000000000000e+04
6.315000000000000000e+03
2.936400000000000000e+04
1.153000000000000000e+04
1.614900000000000000e+04
6.517000000000000000e+03
4.455300000000000000e+04
2.601800000000000000e+04
1.559500000000000000e+04
3.526500000000000000e+04
1.433900000000000000e+04
3.226300000000000000e+04
3.123700000000000000e+04
2.240000000000000000e+02
2.629400000000000000e+04
5.181000000000000000e+03
4.171000000000000000e+04
4.131300000000000000e+04
3.074700000000000000e+04
2.878500000000000000e+04
2.736900000000000000e+04
1.798400000000000000e+04
3.529100000000000000e+04
4.170100000000000000e+04
2.503100000000000000e+04
3.014900000000000000e+04
3.715000000000000000e+03
2.977300000000000000e+04
4.303300000000000000e+04
3.631200000000000000e+04
1.915300000000000000e+04
1.009800000000000000e+04
3.850300000000000000e+04
4.042000000000000000e+03
4.442000000000000000e+04
4.808800000000000000e+04
2.307000000000000000e+04
2.628800000000000000e+04
1.735000000000000000e+04
2.165000000000000000e+04
1.319000000000000000e+03
2.304700000000000000e+04
2.064400000000000000e+04
5.622000000000000000e+03
3.637200000000000000e+04
3.813800000000000000e+04
1.868300000000000000e+04
2.049800000000000000e+04
4.351700000000000000e+04
1.711000000000000000e+04
1.490000000000000000e+04
2.723900000000000000e+04
2.435100000000000000e+04
2.200800000000000000e+04
4.316900000000000000e+04
9.538000000000000000e+03
1.020600000000000000e+04
9.467000000000000000e+03
3.118600000000000000e+04
4.364400000000000000e+04
4.628100000000000000e+04
4.499400000000000000e+04
1.854300000000000000e+04
2.884000000000000000e+04
2.468300000000000000e+04
3.287500000000000000e+04
1.994200000000000000e+04
1.054600000000000000e+04
3.137600000000000000e+04
3.270000000000000000e+02
3.980000000000000000e+04
2.663700000000000000e+04
8.803000000000000000e+03
6.598000000000000000e+03
2.880800000000000000e+04
7.078000000000000000e+03
1.344000000000000000e+03
4.793900000000000000e+04
1.543600000000000000e+04
1.958200000000000000e+04
3.603600000000000000e+04
9.072000000000000000e+03
4.895400000000000000e+04
2.251400000000000000e+04
6.272000000000000000e+03
1.890100000000000000e+04
2.145300000000000000e+04
4.001300000000000000e+04
2.498200000000000000e+04
9.198000000000000000e+03
3.386500000000000000e+04
4.590000000000000000e+02
4.544100000000000000e+04
4.982800000000000000e+04
3.115000000000000000e+03
8.380000000000000000e+03
3.820200000000000000e+04
3.012900000000000000e+04
4.696000000000000000e+03
2.869100000000000000e+04
3.819800000000000000e+04
4.132900000000000000e+04
2.602900000000000000e+04
7.658000000000000000e+03
3.965400000000000000e+04
1.070300000000000000e+04
1.362100000000000000e+04
2.440100000000000000e+04
1.440000000000000000e+04
2.052400000000000000e+04
3.125100000000000000e+04
2.718800000000000000e+04
3.442800000000000000e+04
6.678000000000000000e+03
1.631700000000000000e+04
1.144000000000000000e+03
4.334800000000000000e+04
1.210000000000000000e+04
4.251000000000000000e+03
4.230500000000000000e+04
4.771400000000000000e+04
4.022300000000000000e+04
1.130900000000000000e+04
2.810700000000000000e+04
8.909000000000000000e+03
5.680000000000000000e+02
3.439900000000000000e+04
1.849600000000000000e+04
4.404000000000000000e+04
3.251700000000000000e+04
2.189100000000000000e+04
2.741900000000000000e+04
3.345300000000000000e+04
2.086300000000000000e+04
5.742000000000000000e+03
1.228600000000000000e+04
2.169300000000000000e+04
2.634100000000000000e+04
5.780000000000000000e+02
2.144000000000000000e+04
3.336600000000000000e+04
3.067000000000000000e+04
3.338200000000000000e+04
4.517000000000000000e+04
2.540700000000000000e+04
3.596600000000000000e+04
2.520900000000000000e+04
3.860600000000000000e+04
1.236800000000000000e+04
2.200000000000000000e+01
3.982000000000000000e+03
1.318900000000000000e+04
4.815500000000000000e+04
1.470100000000000000e+04
4.473800000000000000e+04
3.539000000000000000e+03
4.631700000000000000e+04
5.418000000000000000e+03
2.035200000000000000e+04
4.645800000000000000e+04
1.250000000000000000e+02
1.582000000000000000e+04
3.522600000000000000e+04
8.534000000000000000e+03
2.605300000000000000e+04
3.673100000000000000e+04
1.059500000000000000e+04
5.658000000000000000e+03
2.919900000000000000e+04
8.188000000000000000e+03
1.274500000000000000e+04
7.756000000000000000e+03
3.304800000000000000e+04
2.539400000000000000e+04
2.758700000000000000e+04
3.505900000000000000e+04
3.678600000000000000e+04
4.914300000000000000e+04
1.943600000000000000e+04
1.891200000000000000e+04
3.516500000000000000e+04
2.818400000000000000e+04
3.689200000000000000e+04
4.736600000000000000e+04
1.992700000000000000e+04
9.728000000000000000e+03
3.765200000000000000e+04
3.687600000000000000e+04
1.479200000000000000e+04
4.333600000000000000e+04
2.749500000000000000e+04
4.433200000000000000e+04
3.047100000000000000e+04
9.930000000000000000e+03
9.885000000000000000e+03
4.705000000000000000e+03
4.942900000000000000e+04
3.459400000000000000e+04
4.672500000000000000e+04
2.359000000000000000e+03
4.267000000000000000e+04
4.457000000000000000e+04
2.719400000000000000e+04
8.731000000000000000e+03
1.994000000000000000e+04
1.357600000000000000e+04
1.039300000000000000e+04
4.271900000000000000e+04
1.234700000000000000e+04
4.231000000000000000e+03
4.867300000000000000e+04
1.648000000000000000e+03
2.839000000000000000e+04
3.191000000000000000e+04
3.780300000000000000e+04
3.294000000000000000e+03
3.481600000000000000e+04
3.666600000000000000e+04
4.118000000000000000e+04
4.229300000000000000e+04
4.818800000000000000e+04
2.573800000000000000e+04
3.029000000000000000e+03
4.548500000000000000e+04
3.892600000000000000e+04
1.086500000000000000e+04
4.098300000000000000e+04
1.990000000000000000e+04
2.694700000000000000e+04
3.871200000000000000e+04
4.149000000000000000e+04
3.971700000000000000e+04
4.381600000000000000e+04
1.309000000000000000e+03
1.190600000000000000e+04
1.388400000000000000e+04
3.943500000000000000e+04
4.182000000000000000e+04
7.630000000000000000e+02
2.753100000000000000e+04
2.030800000000000000e+04
1.658400000000000000e+04
2.780000000000000000e+03
3.384200000000000000e+04
4.710000000000000000e+02
1.268000000000000000e+03
2.424100000000000000e+04
1.182300000000000000e+04
3.707100000000000000e+04
4.238600000000000000e+04
3.999500000000000000e+04
1.600600000000000000e+04
4.925100000000000000e+04
4.323600000000000000e+04
1.490000000000000000e+02
1.769300000000000000e+04
2.464300000000000000e+04
2.068000000000000000e+03
1.998500000000000000e+04
4.196900000000000000e+04
4.392900000000000000e+04
5.277000000000000000e+03
4.867600000000000000e+04
3.355200000000000000e+04
3.027700000000000000e+04
2.674200000000000000e+04
8.230000000000000000e+03
8.524000000000000000e+03
4.988100000000000000e+04
4.002700000000000000e+04
2.935000000000000000e+03
3.636000000000000000e+03
3.158800000000000000e+04
4.120300000000000000e+04
5.117000000000000000e+03
1.742500000000000000e+04
4.058000000000000000e+04
4.476500000000000000e+04
3.534700000000000000e+04
4.870900000000000000e+04
3.877100000000000000e+04
1.161400000000000000e+04
1.525600000000000000e+04
1.137700000000000000e+04
4.625600000000000000e+04
1.314800000000000000e+04
8.143000000000000000e+03
2.621300000000000000e+04
2.353000000000000000e+04
2.845000000000000000e+04
3.213800000000000000e+04
3.678700000000000000e+04
2.931400000000000000e+04
3.711000000000000000e+03
4.077700000000000000e+04
4.633200000000000000e+04
3.792500000000000000e+04
4.570700000000000000e+04
2.033700000000000000e+04
8.913000000000000000e+03
4.072800000000000000e+04
6.164000000000000000e+03
2.542800000000000000e+04
3.753700000000000000e+04
4.368200000000000000e+04
2.584700000000000000e+04
2.691000000000000000e+04
1.122700000000000000e+04
1.149300000000000000e+04
3.879200000000000000e+04
4.244600000000000000e+04
1.991300000000000000e+04
3.149300000000000000e+04
3.786600000000000000e+04
1.199600000000000000e+04
7.642000000000000000e+03
2.562800000000000000e+04
3.572800000000000000e+04
2.566600000000000000e+04
3.893000000000000000e+04
3.818000000000000000e+03
1.274200000000000000e+04
4.122100000000000000e+04
1.460100000000000000e+04
1.252100000000000000e+04
4.883000000000000000e+03
1.530200000000000000e+04
9.610000000000000000e+02
4.302500000000000000e+04
4.463100000000000000e+04
4.569400000000000000e+04
4.623000000000000000e+03
8.906000000000000000e+03
4.660700000000000000e+04
4.697100000000000000e+04
9.047000000000000000e+03
3.570800000000000000e+04
3.397200000000000000e+04
4.245000000000000000e+04
4.466100000000000000e+04
1.858100000000000000e+04
3.315000000000000000e+03
3.571600000000000000e+04
3.485700000000000000e+04
3.516400000000000000e+04
2.676300000000000000e+04
2.413700000000000000e+04
5.201000000000000000e+03
4.407000000000000000e+04
4.993300000000000000e+04
1.900600000000000000e+04
1.848100000000000000e+04
8.321000000000000000e+03
2.594500000000000000e+04
3.571000000000000000e+03
3.023300000000000000e+04
5.503000000000000000e+03
3.494700000000000000e+04
2.357500000000000000e+04
9.188000000000000000e+03
3.603000000000000000e+03
2.279800000000000000e+04
1.255400000000000000e+04
2.902100000000000000e+04
2.223200000000000000e+04
1.585500000000000000e+04
3.681200000000000000e+04
4.336600000000000000e+04
1.451800000000000000e+04
2.983200000000000000e+04
8.251000000000000000e+03
1.315300000000000000e+04
8.415000000000000000e+03
4.181800000000000000e+04
2.896900000000000000e+04
1.469000000000000000e+04
3.800900000000000000e+04
4.022700000000000000e+04
3.217100000000000000e+04
6.072000000000000000e+03
4.604000000000000000e+03
2.498600000000000000e+04
1.967100000000000000e+04
3.100000000000000000e+04
7.618000000000000000e+03
2.685900000000000000e+04
1.668800000000000000e+04
4.258700000000000000e+04
2.980000000000000000e+03
1.973000000000000000e+04
4.184900000000000000e+04
1.130600000000000000e+04
2.648200000000000000e+04
4.732400000000000000e+04
2.834000000000000000e+04
4.151800000000000000e+04
1.699900000000000000e+04
1.049700000000000000e+04
3.682400000000000000e+04
3.578200000000000000e+04
4.661700000000000000e+04
4.780400000000000000e+04
4.789100000000000000e+04
2.909000000000000000e+03
3.375000000000000000e+04
4.796400000000000000e+04
1.742200000000000000e+04
3.285200000000000000e+04
4.045000000000000000e+04
4.053400000000000000e+04
4.826900000000000000e+04
2.404700000000000000e+04
2.523700000000000000e+04
3.165000000000000000e+03
4.936500000000000000e+04
3.215200000000000000e+04
4.044100000000000000e+04
3.321500000000000000e+04
4.223700000000000000e+04
1.551000000000000000e+03
4.959500000000000000e+04
9.123000000000000000e+03
3.285000000000000000e+04
3.923600000000000000e+04
3.205900000000000000e+04
4.983400000000000000e+04
4.302700000000000000e+04
3.523200000000000000e+04
2.484000000000000000e+04
4.242400000000000000e+04
1.380000000000000000e+03
1.600500000000000000e+04
8.100000000000000000e+01
1.854700000000000000e+04
6.621000000000000000e+03
2.229200000000000000e+04
3.510400000000000000e+04
4.800600000000000000e+04
4.946600000000000000e+04
2.411800000000000000e+04
2.492100000000000000e+04
3.054200000000000000e+04
3.540700000000000000e+04
1.049000000000000000e+03
9.691000000000000000e+03
5.553000000000000000e+03
1.051900000000000000e+04
1.677800000000000000e+04
1.533500000000000000e+04
6.120000000000000000e+02
1.086100000000000000e+04
4.081000000000000000e+03
4.372300000000000000e+04
2.942300000000000000e+04
3.273800000000000000e+04
1.726700000000000000e+04
1.033100000000000000e+04
4.882700000000000000e+04
3.086300000000000000e+04
2.317200000000000000e+04
2.029700000000000000e+04
3.950000000000000000e+04
1.307600000000000000e+04
4.788600000000000000e+04
4.249000000000000000e+03
3.178000000000000000e+04
4.171800000000000000e+04
5.440000000000000000e+02
2.567100000000000000e+04
3.485000000000000000e+03
2.851000000000000000e+04
1.888700000000000000e+04
4.446900000000000000e+04
4.494600000000000000e+04
3.206300000000000000e+04
1.397200000000000000e+04
8.452000000000000000e+03
4.827300000000000000e+04
1.184900000000000000e+04
4.413200000000000000e+04
4.695000000000000000e+04
2.594900000000000000e+04
2.895200000000000000e+04
4.662200000000000000e+04
8.262000000000000000e+03
2.683000000000000000e+04
2.876500000000000000e+04
1.360000000000000000e+04
4.023700000000000000e+04
9.242000000000000000e+03
4.410700000000000000e+04
9.558000000000000000e+03
2.441700000000000000e+04
3.833600000000000000e+04
1.934600000000000000e+04
2.589500000000000000e+04
3.436500000000000000e+04
3.580000000000000000e+03
2.946700000000000000e+04
3.356600000000000000e+04
3.014500000000000000e+04
4.241700000000000000e+04
1.363100000000000000e+04
4.527600000000000000e+04
1.950500000000000000e+04
2.275000000000000000e+04
2.425000000000000000e+04
4.822000000000000000e+04
3.582800000000000000e+04
3.979500000000000000e+04
4.053300000000000000e+04
2.933000000000000000e+03
9.780000000000000000e+03
3.995300000000000000e+04
4.174800000000000000e+04
3.180300000000000000e+04
4.437000000000000000e+03
1.251700000000000000e+04
2.700800000000000000e+04
3.777500000000000000e+04
4.195000000000000000e+04
3.392600000000000000e+04
3.448400000000000000e+04
2.414300000000000000e+04
2.652800000000000000e+04
3.948600000000000000e+04
2.355000000000000000e+03
4.495500000000000000e+04
4.977500000000000000e+04
2.461900000000000000e+04
1.422300000000000000e+04
3.285800000000000000e+04
4.626100000000000000e+04
3.806300000000000000e+04
4.692000000000000000e+03
4.769700000000000000e+04
3.497300000000000000e+04
3.003000000000000000e+04
4.016600000000000000e+04
3.373700000000000000e+04
4.973500000000000000e+04
4.496300000000000000e+04
4.110000000000000000e+03
9.040000000000000000e+02
1.353100000000000000e+04
3.166400000000000000e+04
3.599800000000000000e+04
1.018000000000000000e+04
2.848000000000000000e+04
1.014600000000000000e+04
1.066600000000000000e+04
1.227700000000000000e+04
4.664100000000000000e+04
3.261500000000000000e+04
2.004400000000000000e+04
1.936800000000000000e+04
4.286200000000000000e+04
2.433100000000000000e+04
2.461200000000000000e+04
2.232300000000000000e+04
4.521000000000000000e+04
4.292000000000000000e+03
4.517500000000000000e+04
3.203700000000000000e+04
1.531200000000000000e+04
2.408700000000000000e+04
4.183300000000000000e+04
2.540000000000000000e+04
2.617900000000000000e+04
2.200000000000000000e+02
4.724200000000000000e+04
1.707900000000000000e+04
3.165500000000000000e+04
4.334200000000000000e+04
2.583200000000000000e+04
1.370600000000000000e+04
1.274400000000000000e+04
7.443000000000000000e+03
3.590100000000000000e+04
2.137200000000000000e+04
1.840000000000000000e+03
3.557400000000000000e+04
1.695200000000000000e+04
3.519500000000000000e+04
3.164400000000000000e+04
3.343900000000000000e+04
4.522200000000000000e+04
1.313300000000000000e+04
2.421800000000000000e+04
4.564000000000000000e+04
3.222000000000000000e+04
4.798900000000000000e+04
3.142800000000000000e+04
2.735400000000000000e+04
2.351900000000000000e+04
1.641500000000000000e+04
1.724500000000000000e+04
1.961900000000000000e+04
2.147000000000000000e+04
2.079700000000000000e+04
1.557000000000000000e+03
3.273000000000000000e+03
1.664500000000000000e+04
8.255000000000000000e+03
4.359300000000000000e+04
1.118100000000000000e+04
9.537000000000000000e+03
2.664300000000000000e+04
3.041900000000000000e+04
3.810600000000000000e+04
2.488000000000000000e+04
3.566700000000000000e+04
5.920000000000000000e+02
8.269000000000000000e+03
2.720700000000000000e+04
3.342000000000000000e+03
3.427000000000000000e+04
1.881400000000000000e+04
1.749300000000000000e+04
2.939900000000000000e+04
4.020300000000000000e+04
7.800000000000000000e+03
8.043000000000000000e+03
1.959000000000000000e+03
2.545100000000000000e+04
2.396100000000000000e+04
3.411700000000000000e+04
2.658200000000000000e+04
3.777600000000000000e+04
4.240600000000000000e+04
1.530700000000000000e+04
3.614000000000000000e+04
3.362400000000000000e+04
4.104300000000000000e+04
1.672500000000000000e+04
2.465400000000000000e+04
4.363000000000000000e+03
4.702400000000000000e+04
1.856700000000000000e+04
3.482100000000000000e+04
6.780000000000000000e+03
2.302800000000000000e+04
2.688500000000000000e+04
2.022500000000000000e+04
3.139500000000000000e+04
1.402200000000000000e+04
2.827500000000000000e+04
2.543700000000000000e+04
3.466000000000000000e+04
1.964100000000000000e+04
3.581600000000000000e+04
4.558900000000000000e+04
1.052400000000000000e+04
2.586000000000000000e+04
2.379200000000000000e+04
2.561700000000000000e+04
4.637500000000000000e+04
3.564600000000000000e+04
3.933000000000000000e+03
2.712000000000000000e+03
4.390800000000000000e+04
4.589200000000000000e+04
1.349500000000000000e+04
1.500900000000000000e+04
5.627000000000000000e+03
3.094600000000000000e+04
1.634500000000000000e+04
8.536000000000000000e+03
1.301100000000000000e+04
2.596300000000000000e+04
1.031200000000000000e+04
4.006400000000000000e+04
2.119900000000000000e+04
1.401500000000000000e+04
1.121500000000000000e+04
1.047000000000000000e+04
3.800500000000000000e+04
4.757900000000000000e+04
4.017200000000000000e+04
2.403500000000000000e+04
3.965000000000000000e+04
3.311000000000000000e+03
1.806100000000000000e+04
3.613200000000000000e+04
2.988700000000000000e+04
5.080000000000000000e+03
7.062000000000000000e+03
1.869900000000000000e+04
2.969900000000000000e+04
4.101300000000000000e+04
2.917500000000000000e+04
2.274200000000000000e+04
8.214000000000000000e+03
1.815000000000000000e+04
3.833200000000000000e+04
2.342000000000000000e+03
3.388100000000000000e+04
4.259500000000000000e+04
5.799000000000000000e+03
3.684900000000000000e+04
2.518000000000000000e+03
4.674300000000000000e+04
3.850000000000000000e+04
4.127000000000000000e+04
1.555000000000000000e+03
2.933000000000000000e+04
3.971900000000000000e+04
4.817800000000000000e+04
1.076700000000000000e+04
2.761000000000000000e+03
1.486000000000000000e+04
1.308100000000000000e+04
8.171000000000000000e+03
1.994800000000000000e+04
2.847000000000000000e+04
3.153100000000000000e+04
6.770000000000000000e+03
3.648900000000000000e+04
4.429200000000000000e+04
2.087900000000000000e+04
4.190500000000000000e+04
9.146000000000000000e+03
7.775000000000000000e+03
1.529000000000000000e+04
2.227200000000000000e+04
4.293300000000000000e+04
1.334600000000000000e+04
7.182000000000000000e+03
1.613000000000000000e+03
2.429700000000000000e+04
3.615100000000000000e+04
2.885400000000000000e+04
2.467000000000000000e+04
2.092100000000000000e+04
3.389600000000000000e+04
1.095100000000000000e+04
4.113400000000000000e+04
2.530000000000000000e+02
1.501500000000000000e+04
3.881600000000000000e+04
1.645500000000000000e+04
1.712900000000000000e+04
1.794200000000000000e+04
3.798300000000000000e+04
4.528900000000000000e+04
3.216200000000000000e+04
3.527000000000000000e+04
4.451500000000000000e+04
1.302900000000000000e+04
4.865300000000000000e+04
2.023600000000000000e+04
1.252600000000000000e+04
1.484400000000000000e+04
1.938300000000000000e+04
3.056100000000000000e+04
2.300700000000000000e+04
8.424000000000000000e+03
1.469400000000000000e+04
4.129000000000000000e+03
2.473800000000000000e+04
4.266900000000000000e+04
4.599300000000000000e+04
3.708000000000000000e+03
1.285800000000000000e+04
3.670900000000000000e+04
2.343300000000000000e+04
2.930500000000000000e+04
1.519800000000000000e+04
4.269000000000000000e+03
1.968300000000000000e+04
4.938700000000000000e+04
3.764700000000000000e+04
2.234500000000000000e+04
3.794900000000000000e+04
7.803000000000000000e+03
3.555100000000000000e+04
1.441900000000000000e+04
3.267500000000000000e+04
1.165300000000000000e+04
1.622900000000000000e+04
2.263400000000000000e+04
3.700000000000000000e+03
2.335700000000000000e+04
3.837400000000000000e+04
1.738400000000000000e+04
2.320000000000000000e+04
1.864600000000000000e+04
1.380800000000000000e+04
4.471800000000000000e+04
4.279900000000000000e+04
4.725000000000000000e+03
3.716000000000000000e+03
3.871900000000000000e+04
4.235200000000000000e+04
2.759500000000000000e+04
3.563200000000000000e+04
3.100900000000000000e+04
4.781200000000000000e+04
3.454900000000000000e+04
2.822900000000000000e+04
4.927700000000000000e+04
2.970000000000000000e+03
4.010100000000000000e+04
1.743500000000000000e+04
1.563100000000000000e+04
1.193100000000000000e+04
9.225000000000000000e+03
2.875400000000000000e+04
8.017000000000000000e+03
4.311400000000000000e+04
4.429300000000000000e+04
3.070100000000000000e+04
2.160000000000000000e+03
3.853000000000000000e+04
3.253400000000000000e+04
2.084800000000000000e+04
3.053200000000000000e+04
2.174800000000000000e+04
4.543800000000000000e+04
3.784900000000000000e+04
3.112300000000000000e+04
3.685700000000000000e+04
4.562500000000000000e+04
4.764800000000000000e+04
3.934400000000000000e+04
1.911000000000000000e+03
3.059000000000000000e+03
2.866200000000000000e+04
4.218800000000000000e+04
7.995000000000000000e+03
9.554000000000000000e+03
1.211000000000000000e+04
4.423700000000000000e+04
3.954000000000000000e+03
7.540000000000000000e+02
4.614000000000000000e+03
4.231000000000000000e+04
2.210900000000000000e+04
2.854700000000000000e+04
3.885400000000000000e+04
3.880100000000000000e+04
4.098900000000000000e+04
4.455600000000000000e+04
1.549100000000000000e+04
4.234000000000000000e+04
1.153900000000000000e+04
3.635400000000000000e+04
1.564800000000000000e+04
6.573000000000000000e+03
3.734700000000000000e+04
2.964300000000000000e+04
1.018700000000000000e+04
3.375100000000000000e+04
1.486200000000000000e+04
4.030000000000000000e+03
6.261000000000000000e+03
1.024400000000000000e+04
1.964300000000000000e+04
4.071500000000000000e+04
2.043300000000000000e+04
4.807700000000000000e+04
6.188000000000000000e+03
4.631200000000000000e+04
4.368300000000000000e+04
2.324200000000000000e+04
3.026100000000000000e+04
2.853000000000000000e+03
2.474500000000000000e+04
1.885300000000000000e+04
3.368500000000000000e+04
2.196700000000000000e+04
1.795900000000000000e+04
5.325000000000000000e+03
4.201900000000000000e+04
4.978000000000000000e+03
4.279000000000000000e+03
4.304800000000000000e+04
1.586400000000000000e+04
3.607400000000000000e+04
1.282500000000000000e+04
1.267700000000000000e+04
2.275800000000000000e+04
2.423200000000000000e+04
8.165000000000000000e+03
4.236300000000000000e+04
1.503100000000000000e+04
2.149500000000000000e+04
2.733100000000000000e+04
2.781000000000000000e+04
1.455400000000000000e+04
1.084700000000000000e+04
2.955000000000000000e+03
1.034900000000000000e+04
3.736600000000000000e+04
2.712800000000000000e+04
4.544600000000000000e+04
7.588000000000000000e+03
8.134000000000000000e+03
2.988600000000000000e+04
1.560400000000000000e+04
4.342600000000000000e+04
1.501900000000000000e+04
1.572000000000000000e+04
9.922000000000000000e+03
4.971600000000000000e+04
1.798100000000000000e+04
4.832200000000000000e+04
2.886800000000000000e+04
6.831000000000000000e+03
2.898200000000000000e+04
3.578800000000000000e+04
1.592000000000000000e+03
1.911800000000000000e+04
4.508700000000000000e+04
2.768000000000000000e+03
2.579300000000000000e+04
1.364200000000000000e+04
3.624700000000000000e+04
4.549800000000000000e+04
4.062800000000000000e+04
4.546700000000000000e+04
1.775100000000000000e+04
2.916100000000000000e+04
1.495100000000000000e+04
1.905100000000000000e+04
1.439800000000000000e+04
3.583200000000000000e+04
4.202300000000000000e+04
4.293400000000000000e+04
3.880900000000000000e+04
4.860100000000000000e+04
2.503500000000000000e+04
3.677000000000000000e+03
3.060000000000000000e+02
1.731900000000000000e+04
4.617100000000000000e+04
3.681100000000000000e+04
1.257200000000000000e+04
4.668600000000000000e+04
3.291100000000000000e+04
4.660800000000000000e+04
9.771000000000000000e+03
1.957000000000000000e+03
2.046000000000000000e+04
1.714500000000000000e+04
3.394900000000000000e+04
2.800500000000000000e+04
3.795500000000000000e+04
3.169000000000000000e+03
2.914700000000000000e+04
3.306500000000000000e+04
4.451700000000000000e+04
2.801500000000000000e+04
4.683900000000000000e+04
1.075000000000000000e+03
4.095200000000000000e+04
6.275000000000000000e+03
2.009300000000000000e+04
4.534700000000000000e+04
2.348000000000000000e+03
4.349600000000000000e+04
3.348900000000000000e+04
8.894000000000000000e+03
1.249000000000000000e+03
4.657900000000000000e+04
7.664000000000000000e+03
4.936200000000000000e+04
1.254600000000000000e+04
2.723800000000000000e+04
2.445200000000000000e+04
4.611900000000000000e+04
3.832700000000000000e+04
4.191600000000000000e+04
2.956000000000000000e+04
1.277600000000000000e+04
2.300100000000000000e+04
1.842100000000000000e+04
3.279000000000000000e+03
5.918000000000000000e+03
3.816100000000000000e+04
9.979000000000000000e+03
7.474000000000000000e+03
4.681400000000000000e+04
4.329600000000000000e+04
2.270300000000000000e+04
1.025800000000000000e+04
6.117000000000000000e+03
1.609300000000000000e+04
4.026600000000000000e+04
4.190700000000000000e+04
1.733400000000000000e+04
4.818000000000000000e+04
7.914000000000000000e+03
3.163100000000000000e+04
4.478500000000000000e+04
7.109000000000000000e+03
4.763000000000000000e+04
5.773000000000000000e+03
5.425000000000000000e+03
1.636000000000000000e+04
2.472500000000000000e+04
3.965900000000000000e+04
3.748600000000000000e+04
1.754600000000000000e+04
3.527700000000000000e+04
4.889800000000000000e+04
7.161000000000000000e+03
7.093000000000000000e+03
2.681100000000000000e+04
3.534500000000000000e+04
2.698100000000000000e+04
2.892800000000000000e+04
3.267100000000000000e+04
4.527500000000000000e+04
1.287200000000000000e+04
1.188500000000000000e+04
7.519000000000000000e+03
2.250100000000000000e+04
2.550800000000000000e+04
4.899500000000000000e+04
2.758100000000000000e+04
2.026000000000000000e+03
2.218400000000000000e+04
1.531400000000000000e+04
1.849200000000000000e+04
8.089000000000000000e+03
1.905400000000000000e+04
5.616000000000000000e+03
2.444500000000000000e+04
1.693800000000000000e+04
2.860600000000000000e+04
1.562300000000000000e+04
4.945200000000000000e+04
2.994000000000000000e+04
4.195800000000000000e+04
2.607000000000000000e+03
2.409000000000000000e+04
4.819500000000000000e+04
3.429300000000000000e+04
1.932900000000000000e+04
4.543400000000000000e+04
2.254300000000000000e+04
1.892000000000000000e+04
1.454000000000000000e+04
3.463400000000000000e+04
4.630700000000000000e+04
2.500300000000000000e+04
4.475400000000000000e+04
3.135300000000000000e+04
1.715500000000000000e+04
3.858200000000000000e+04
1.995600000000000000e+04
4.540900000000000000e+04
3.072900000000000000e+04
4.737300000000000000e+04
2.589800000000000000e+04
1.404100000000000000e+04
4.307000000000000000e+03
2.558400000000000000e+04
4.730500000000000000e+04
2.123200000000000000e+04
1.377100000000000000e+04
3.925500000000000000e+04
6.764000000000000000e+03
2.161400000000000000e+04
4.254200000000000000e+04
7.795000000000000000e+03
2.715800000000000000e+04
3.618700000000000000e+04
2.798200000000000000e+04
3.206800000000000000e+04
4.502100000000000000e+04
3.969600000000000000e+04
3.231900000000000000e+04
2.193800000000000000e+04
2.775000000000000000e+03
4.262200000000000000e+04
4.168200000000000000e+04
3.967900000000000000e+04
1.849100000000000000e+04
4.346600000000000000e+04
9.746000000000000000e+03
2.821900000000000000e+04
3.448300000000000000e+04
3.571500000000000000e+04
4.780200000000000000e+04
2.761300000000000000e+04
3.973900000000000000e+04
6.290000000000000000e+03
4.111600000000000000e+04
1.278100000000000000e+04
3.631000000000000000e+03
1.138700000000000000e+04
4.460200000000000000e+04
6.482000000000000000e+03
4.717700000000000000e+04
1.312800000000000000e+04
2.897100000000000000e+04
3.153300000000000000e+04
2.091100000000000000e+04
1.170300000000000000e+04
2.444200000000000000e+04
3.828000000000000000e+04
3.184900000000000000e+04
1.266700000000000000e+04
1.052900000000000000e+04
4.630000000000000000e+04
2.956900000000000000e+04
4.736500000000000000e+04
2.060600000000000000e+04
1.151300000000000000e+04
2.245300000000000000e+04
3.101200000000000000e+04
2.514400000000000000e+04
1.354000000000000000e+04
1.620600000000000000e+04
3.996000000000000000e+03
3.649200000000000000e+04
5.969000000000000000e+03
4.843500000000000000e+04
2.086700000000000000e+04
3.594400000000000000e+04
3.643100000000000000e+04
3.857700000000000000e+04
4.625400000000000000e+04
4.833000000000000000e+04
4.666800000000000000e+04
4.035900000000000000e+04
3.356300000000000000e+04
4.166600000000000000e+04
1.174800000000000000e+04
9.982000000000000000e+03
3.164600000000000000e+04
1.590800000000000000e+04
9.086000000000000000e+03
2.656000000000000000e+04
2.213800000000000000e+04
1.873000000000000000e+03
4.050200000000000000e+04
1.194600000000000000e+04
1.134900000000000000e+04
2.542700000000000000e+04
4.430100000000000000e+04
8.203000000000000000e+03
8.910000000000000000e+03
7.916000000000000000e+03
1.231400000000000000e+04
8.640000000000000000e+02
2.563800000000000000e+04
8.137000000000000000e+03
2.938400000000000000e+04
2.459100000000000000e+04
2.514500000000000000e+04
4.673900000000000000e+04
3.694800000000000000e+04
3.021900000000000000e+04
2.828300000000000000e+04
3.791300000000000000e+04
8.326000000000000000e+03
3.495300000000000000e+04
4.335100000000000000e+04
3.317100000000000000e+04
2.859400000000000000e+04
4.032600000000000000e+04
1.616900000000000000e+04
7.569000000000000000e+03
3.281700000000000000e+04
2.924700000000000000e+04
3.481400000000000000e+04
1.897600000000000000e+04
3.138700000000000000e+04
2.420500000000000000e+04
4.146600000000000000e+04
2.242200000000000000e+04
3.910800000000000000e+04
2.020500000000000000e+04
1.427100000000000000e+04
1.080100000000000000e+04
3.109700000000000000e+04
3.577100000000000000e+04
3.547500000000000000e+04
4.790000000000000000e+02
2.052800000000000000e+04
4.820700000000000000e+04
2.195200000000000000e+04
2.929900000000000000e+04
4.205500000000000000e+04
2.842500000000000000e+04
2.136800000000000000e+04
7.475000000000000000e+03
3.312300000000000000e+04
2.984500000000000000e+04
4.936300000000000000e+04
3.900600000000000000e+04
3.945700000000000000e+04
3.699900000000000000e+04
4.575800000000000000e+04
2.714200000000000000e+04
2.527600000000000000e+04
4.795100000000000000e+04
3.078100000000000000e+04
7.149000000000000000e+03
9.584000000000000000e+03
1.098000000000000000e+03
1.358300000000000000e+04
8.038000000000000000e+03
4.767400000000000000e+04
1.682700000000000000e+04
3.241600000000000000e+04
4.197500000000000000e+04
1.132000000000000000e+03
3.403800000000000000e+04
3.877500000000000000e+04
4.507300000000000000e+04
1.845900000000000000e+04
3.812900000000000000e+04
2.558900000000000000e+04
1.931700000000000000e+04
4.947800000000000000e+04
2.303700000000000000e+04
3.643000000000000000e+04
2.388500000000000000e+04
6.610000000000000000e+02
1.102400000000000000e+04
3.664800000000000000e+04
2.335000000000000000e+03
3.648700000000000000e+04
2.440000000000000000e+03
4.166700000000000000e+04
2.133400000000000000e+04
1.069000000000000000e+04
1.351000000000000000e+04
1.204300000000000000e+04
1.740000000000000000e+02
4.785000000000000000e+04
1.474600000000000000e+04
4.516500000000000000e+04
3.364900000000000000e+04
1.522400000000000000e+04
3.380800000000000000e+04
4.892000000000000000e+03
3.899100000000000000e+04
4.013700000000000000e+04
4.138700000000000000e+04
1.583200000000000000e+04
6.176000000000000000e+03
2.031000000000000000e+03
4.039600000000000000e+04
4.341400000000000000e+04
1.617400000000000000e+04
3.285400000000000000e+04
3.445000000000000000e+03
3.869900000000000000e+04
4.001600000000000000e+04
2.190600000000000000e+04
4.471500000000000000e+04
9.880000000000000000e+02
3.866300000000000000e+04
1.075800000000000000e+04
2.483700000000000000e+04
1.332500000000000000e+04
2.343700000000000000e+04
2.219200000000000000e+04
2.292500000000000000e+04
4.984000000000000000e+03
4.094700000000000000e+04
1.555600000000000000e+04
4.755600000000000000e+04
4.407500000000000000e+04
2.904100000000000000e+04
3.447000000000000000e+04
4.149300000000000000e+04
7.292000000000000000e+03
2.633400000000000000e+04
4.522800000000000000e+04
4.774500000000000000e+04
1.618600000000000000e+04
1.044500000000000000e+04
4.835500000000000000e+04
2.114000000000000000e+03
3.344400000000000000e+04
4.426500000000000000e+04
2.139500000000000000e+04
1.394200000000000000e+04
9.930000000000000000e+02
1.143700000000000000e+04
9.926000000000000000e+03
1.635300000000000000e+04
4.688000000000000000e+04
3.480000000000000000e+04
4.155600000000000000e+04
3.924400000000000000e+04
3.861000000000000000e+03
3.396800000000000000e+04
1.253700000000000000e+04
4.431700000000000000e+04
3.741100000000000000e+04
2.332100000000000000e+04
3.176300000000000000e+04
3.523100000000000000e+04
1.978000000000000000e+04
1.042000000000000000e+03
2.185900000000000000e+04
2.712500000000000000e+04
7.170000000000000000e+03
8.390000000000000000e+02
4.113000000000000000e+03
2.683300000000000000e+04
4.192500000000000000e+04
4.017000000000000000e+04
1.810800000000000000e+04
2.911700000000000000e+04
8.550000000000000000e+02
1.097100000000000000e+04
3.751000000000000000e+03
2.246000000000000000e+04
2.419400000000000000e+04
1.271500000000000000e+04
3.748000000000000000e+04
3.195600000000000000e+04
1.873700000000000000e+04
2.085600000000000000e+04
1.403200000000000000e+04
2.085000000000000000e+03
2.844000000000000000e+04
7.639000000000000000e+03
2.461500000000000000e+04
6.784000000000000000e+03
1.504300000000000000e+04
3.309800000000000000e+04
4.885700000000000000e+04
1.495800000000000000e+04
2.322300000000000000e+04
4.377500000000000000e+04
4.681300000000000000e+04
3.544800000000000000e+04
3.579500000000000000e+04
9.104000000000000000e+03
2.653600000000000000e+04
2.718200000000000000e+04
1.948400000000000000e+04
4.238000000000000000e+03
1.081900000000000000e+04
4.376200000000000000e+04
1.285500000000000000e+04
4.636700000000000000e+04
1.352200000000000000e+04
5.344000000000000000e+03
3.314000000000000000e+03
5.718000000000000000e+03
1.239000000000000000e+04
3.395000000000000000e+04
4.850800000000000000e+04
2.398600000000000000e+04
2.384700000000000000e+04
9.445000000000000000e+03
4.310400000000000000e+04
9.737000000000000000e+03
3.448000000000000000e+03
1.459900000000000000e+04
2.626200000000000000e+04
3.960800000000000000e+04
1.698500000000000000e+04
3.603800000000000000e+04
2.619100000000000000e+04
3.906800000000000000e+04
1.861000000000000000e+03
6.829000000000000000e+03
6.458000000000000000e+03
1.668900000000000000e+04
1.073600000000000000e+04
2.986400000000000000e+04
2.859500000000000000e+04
4.849000000000000000e+03
1.944400000000000000e+04
3.850900000000000000e+04
3.691600000000000000e+04
8.850000000000000000e+02
4.498500000000000000e+04
1.109900000000000000e+04
2.999700000000000000e+04
7.181000000000000000e+03
1.071100000000000000e+04
3.647000000000000000e+03
3.864800000000000000e+04
9.781000000000000000e+03
4.578000000000000000e+03
4.192800000000000000e+04
4.867800000000000000e+04
6.427000000000000000e+03
6.948000000000000000e+03
4.233700000000000000e+04
2.858200000000000000e+04
4.376500000000000000e+04
4.940200000000000000e+04
1.528200000000000000e+04
2.672000000000000000e+03
2.373800000000000000e+04
2.017900000000000000e+04
2.009400000000000000e+04
3.539100000000000000e+04
2.640900000000000000e+04
1.550900000000000000e+04
2.992700000000000000e+04
1.509400000000000000e+04
8.444000000000000000e+03
2.579700000000000000e+04
4.592700000000000000e+04
3.749200000000000000e+04
2.875500000000000000e+04
1.561000000000000000e+03
4.237600000000000000e+04
4.834900000000000000e+04
4.893700000000000000e+04
4.061400000000000000e+04
6.129000000000000000e+03
3.792300000000000000e+04
3.910300000000000000e+04
2.509100000000000000e+04
3.317600000000000000e+04
8.362000000000000000e+03
3.889000000000000000e+04
1.649200000000000000e+04
1.265500000000000000e+04
3.665100000000000000e+04
4.771600000000000000e+04
1.150100000000000000e+04
4.950600000000000000e+04
4.832700000000000000e+04
4.478900000000000000e+04
8.830000000000000000e+02
3.936300000000000000e+04
1.305700000000000000e+04
1.435000000000000000e+03
1.449700000000000000e+04
4.410000000000000000e+04
1.998400000000000000e+04
4.246600000000000000e+04
2.450400000000000000e+04
1.597100000000000000e+04
3.576700000000000000e+04
1.899900000000000000e+04
3.930800000000000000e+04
4.966100000000000000e+04
6.341000000000000000e+03
1.384100000000000000e+04
4.606700000000000000e+04
1.870700000000000000e+04
1.233700000000000000e+04
1.262700000000000000e+04
4.537800000000000000e+04
3.438900000000000000e+04
1.632000000000000000e+03
2.660300000000000000e+04
3.603000000000000000e+04
1.069400000000000000e+04
1.350500000000000000e+04
2.601900000000000000e+04
3.534300000000000000e+04
3.138300000000000000e+04
1.720000000000000000e+04
2.706800000000000000e+04
3.782600000000000000e+04
1.920700000000000000e+04
1.164700000000000000e+04
2.323800000000000000e+04
2.673700000000000000e+04
1.841300000000000000e+04
2.249900000000000000e+04
4.385000000000000000e+03
1.913100000000000000e+04
1.954000000000000000e+03
2.523100000000000000e+04
3.440100000000000000e+04
4.072700000000000000e+04
3.251500000000000000e+04
3.706400000000000000e+04
4.015200000000000000e+04
8.904000000000000000e+03
2.615700000000000000e+04
4.798400000000000000e+04
4.937700000000000000e+04
9.376000000000000000e+03
4.904700000000000000e+04
2.651300000000000000e+04
7.668000000000000000e+03
9.989000000000000000e+03
1.072500000000000000e+04
1.977000000000000000e+04
4.835900000000000000e+04
4.886000000000000000e+04
3.895100000000000000e+04
3.797000000000000000e+03
3.155100000000000000e+04
1.518100000000000000e+04
3.564000000000000000e+03
4.572800000000000000e+04
7.141000000000000000e+03
3.414500000000000000e+04
3.476400000000000000e+04
2.618000000000000000e+03
9.434000000000000000e+03
1.757300000000000000e+04
1.395200000000000000e+04
1.859400000000000000e+04
5.580000000000000000e+03
3.608900000000000000e+04
3.031800000000000000e+04
1.202000000000000000e+04
3.263900000000000000e+04
1.715000000000000000e+04
1.450000000000000000e+04
4.872000000000000000e+04
4.863400000000000000e+04
1.508900000000000000e+04
1.619700000000000000e+04
2.034000000000000000e+04
2.634400000000000000e+04
1.463000000000000000e+04
3.858400000000000000e+04
2.104800000000000000e+04
1.648300000000000000e+04
3.821400000000000000e+04
3.732000000000000000e+04
2.347000000000000000e+03
6.583000000000000000e+03
3.562400000000000000e+04
3.182100000000000000e+04
4.326400000000000000e+04
2.311200000000000000e+04
2.186600000000000000e+04
4.031400000000000000e+04
7.997000000000000000e+03
2.651000000000000000e+03
4.446000000000000000e+03
2.286000000000000000e+03
2.571300000000000000e+04
1.156600000000000000e+04
1.866500000000000000e+04
2.464800000000000000e+04
1.159900000000000000e+04
1.994100000000000000e+04
3.562100000000000000e+04
2.445000000000000000e+03
3.832300000000000000e+04
3.531500000000000000e+04
6.640000000000000000e+03
4.911900000000000000e+04
5.856000000000000000e+03
4.373400000000000000e+04
4.822900000000000000e+04
1.103000000000000000e+04
1.392700000000000000e+04
4.094200000000000000e+04
1.977100000000000000e+04
7.016000000000000000e+03
2.919600000000000000e+04
2.927000000000000000e+03
9.640000000000000000e+02
3.048100000000000000e+04
3.088700000000000000e+04
4.999800000000000000e+04
2.878000000000000000e+04
4.960500000000000000e+04
1.905300000000000000e+04
4.992900000000000000e+04
1.081100000000000000e+04
7.545000000000000000e+03
4.400700000000000000e+04
4.279000000000000000e+04
3.468900000000000000e+04
3.637000000000000000e+04
2.687500000000000000e+04
3.236600000000000000e+04
8.083000000000000000e+03
3.524700000000000000e+04
7.549000000000000000e+03
4.120000000000000000e+02
2.693200000000000000e+04
8.238000000000000000e+03
4.454300000000000000e+04
1.814800000000000000e+04
4.039500000000000000e+04
3.665900000000000000e+04
1.445500000000000000e+04
3.792700000000000000e+04
4.328400000000000000e+04
6.970000000000000000e+03
4.718000000000000000e+03
4.654800000000000000e+04
2.862200000000000000e+04
3.024300000000000000e+04
3.668500000000000000e+04
1.680000000000000000e+03
2.349700000000000000e+04
2.108000000000000000e+03
3.464000000000000000e+04
4.634600000000000000e+04
3.918500000000000000e+04
4.415800000000000000e+04
3.994700000000000000e+04
4.681500000000000000e+04
3.081200000000000000e+04
1.990300000000000000e+04
4.032900000000000000e+04
2.080500000000000000e+04
3.234700000000000000e+04
3.439200000000000000e+04
4.859700000000000000e+04
2.467700000000000000e+04
3.199200000000000000e+04
4.359200000000000000e+04
4.390600000000000000e+04
3.982500000000000000e+04
3.121400000000000000e+04
4.022800000000000000e+04
4.047600000000000000e+04
3.351800000000000000e+04
8.917000000000000000e+03
4.224800000000000000e+04
7.333000000000000000e+03
3.293800000000000000e+04
3.176000000000000000e+04
6.133000000000000000e+03
3.640200000000000000e+04
9.190000000000000000e+03
4.620800000000000000e+04
1.910800000000000000e+04
2.248800000000000000e+04
6.863000000000000000e+03
2.364100000000000000e+04
8.096000000000000000e+03
3.636300000000000000e+04
1.746300000000000000e+04
3.498100000000000000e+04
4.262900000000000000e+04
3.587900000000000000e+04
4.841000000000000000e+03
3.941600000000000000e+04
3.990400000000000000e+04
3.369500000000000000e+04
3.624400000000000000e+04
1.705200000000000000e+04
1.080000000000000000e+03
3.141700000000000000e+04
4.535500000000000000e+04
1.209100000000000000e+04
3.025400000000000000e+04
1.603200000000000000e+04
3.845000000000000000e+04
1.709000000000000000e+04
1.659300000000000000e+04
3.776100000000000000e+04
1.730900000000000000e+04
1.304500000000000000e+04
4.882300000000000000e+04
3.399300000000000000e+04
3.596200000000000000e+04
2.090700000000000000e+04
5.274000000000000000e+03
4.798800000000000000e+04
2.685800000000000000e+04
2.713600000000000000e+04
3.501900000000000000e+04
1.834700000000000000e+04
5.474000000000000000e+03
2.364400000000000000e+04
2.956800000000000000e+04
4.056200000000000000e+04
3.374100000000000000e+04
4.943000000000000000e+03
7.786000000000000000e+03
4.259000000000000000e+04
4.351500000000000000e+04
1.808200000000000000e+04
1.732700000000000000e+04
5.434000000000000000e+03
4.169000000000000000e+04
2.983900000000000000e+04
3.765000000000000000e+03
2.528300000000000000e+04
4.817500000000000000e+04
2.834300000000000000e+04
6.503000000000000000e+03
2.095300000000000000e+04
3.785500000000000000e+04
3.287800000000000000e+04
1.997900000000000000e+04
4.992700000000000000e+04
9.200000000000000000e+03
1.240000000000000000e+04
8.800000000000000000e+01
1.905700000000000000e+04
8.994000000000000000e+03
1.213300000000000000e+04
1.464500000000000000e+04
2.176200000000000000e+04
4.131100000000000000e+04
9.058000000000000000e+03
8.013000000000000000e+03
2.244700000000000000e+04
1.243900000000000000e+04
4.193900000000000000e+04
2.434300000000000000e+04
3.870000000000000000e+04
3.967600000000000000e+04
3.119100000000000000e+04
3.978000000000000000e+04
6.920000000000000000e+02
2.609000000000000000e+03
4.739900000000000000e+04
3.881100000000000000e+04
4.610000000000000000e+03
1.324300000000000000e+04
1.790700000000000000e+04
2.843500000000000000e+04
4.338900000000000000e+04
1.626000000000000000e+03
4.453500000000000000e+04
1.903000000000000000e+04
4.249000000000000000e+04
4.359500000000000000e+04
3.915600000000000000e+04
1.402600000000000000e+04
1.366200000000000000e+04
4.744500000000000000e+04
3.779900000000000000e+04
3.515100000000000000e+04
3.809800000000000000e+04
3.343100000000000000e+04
4.766900000000000000e+04
2.910000000000000000e+03
2.552100000000000000e+04
4.141500000000000000e+04
2.342400000000000000e+04
4.984000000000000000e+04
2.115100000000000000e+04
8.330000000000000000e+02
3.460900000000000000e+04
3.426700000000000000e+04
8.969000000000000000e+03
8.346000000000000000e+03
3.472100000000000000e+04
5.199000000000000000e+03
9.995000000000000000e+03
3.490700000000000000e+04
2.277900000000000000e+04
4.349200000000000000e+04
7.753000000000000000e+03
6.651000000000000000e+03
1.879500000000000000e+04
4.464200000000000000e+04
4.540600000000000000e+04
2.357100000000000000e+04
2.069500000000000000e+04
2.814400000000000000e+04
3.949400000000000000e+04
2.029000000000000000e+03
2.835100000000000000e+04
4.022200000000000000e+04
1.309600000000000000e+04
9.806000000000000000e+03
3.459000000000000000e+04
4.591800000000000000e+04
4.710000000000000000e+03
1.193500000000000000e+04
2.484000000000000000e+03
4.932400000000000000e+04
4.136600000000000000e+04
4.860000000000000000e+04
3.181100000000000000e+04
4.016000000000000000e+03
4.584500000000000000e+04
1.717000000000000000e+04
5.010000000000000000e+02
3.251800000000000000e+04
9.869000000000000000e+03
3.429500000000000000e+04
4.055000000000000000e+04
2.178200000000000000e+04
1.129400000000000000e+04
2.152000000000000000e+04
3.434600000000000000e+04
3.446500000000000000e+04
4.050000000000000000e+03
6.195000000000000000e+03
3.436600000000000000e+04
1.449000000000000000e+04
2.254000000000000000e+04
2.355900000000000000e+04
1.647600000000000000e+04
6.559000000000000000e+03
2.930200000000000000e+04
2.132200000000000000e+04
4.084000000000000000e+04
8.641000000000000000e+03
4.139700000000000000e+04
3.798100000000000000e+04
3.165300000000000000e+04
2.688200000000000000e+04
4.445600000000000000e+04
3.561000000000000000e+03
9.580000000000000000e+03
1.921800000000000000e+04
4.106200000000000000e+04
2.752400000000000000e+04
3.796000000000000000e+04
1.781500000000000000e+04
4.785200000000000000e+04
4.188800000000000000e+04
3.226900000000000000e+04
1.407900000000000000e+04
4.812000000000000000e+04
4.469800000000000000e+04
3.014800000000000000e+04
1.082100000000000000e+04
4.538600000000000000e+04
8.439000000000000000e+03
4.233100000000000000e+04
1.584300000000000000e+04
4.416000000000000000e+04
3.311300000000000000e+04
3.577800000000000000e+04
9.453000000000000000e+03
2.128500000000000000e+04
1.168000000000000000e+04
3.449000000000000000e+03
2.589100000000000000e+04
3.711100000000000000e+04
4.218900000000000000e+04
4.500300000000000000e+04
4.949100000000000000e+04
2.907300000000000000e+04
1.603000000000000000e+03
1.838400000000000000e+04
1.579200000000000000e+04
1.570900000000000000e+04
2.558000000000000000e+04
2.254900000000000000e+04
1.852000000000000000e+04
1.945100000000000000e+04
2.663900000000000000e+04
4.376800000000000000e+04
3.776700000000000000e+04
3.863700000000000000e+04
2.378200000000000000e+04
3.040000000000000000e+04
1.510300000000000000e+04
2.428800000000000000e+04
3.942100000000000000e+04
3.308200000000000000e+04
2.718000000000000000e+04
3.710900000000000000e+04
1.090500000000000000e+04
1.198000000000000000e+03
3.145200000000000000e+04
3.557200000000000000e+04
3.862200000000000000e+04
1.833000000000000000e+03
2.655500000000000000e+04
3.924000000000000000e+04
2.093000000000000000e+03
2.566100000000000000e+04
2.826200000000000000e+04
1.590400000000000000e+04
4.920400000000000000e+04
1.173600000000000000e+04
2.017500000000000000e+04
4.481100000000000000e+04
2.131400000000000000e+04
1.414500000000000000e+04
1.826800000000000000e+04
2.219600000000000000e+04
2.360400000000000000e+04
1.605000000000000000e+03
1.386800000000000000e+04
2.312000000000000000e+03
1.151500000000000000e+04
3.854600000000000000e+04
4.380800000000000000e+04
3.624000000000000000e+03
2.407000000000000000e+04
2.345000000000000000e+03
2.497100000000000000e+04
3.266600000000000000e+04
1.005200000000000000e+04
1.180100000000000000e+04
1.278600000000000000e+04
3.074500000000000000e+04
7.838000000000000000e+03
2.078800000000000000e+04
2.886400000000000000e+04
4.146700000000000000e+04
3.246600000000000000e+04
3.945100000000000000e+04
2.855900000000000000e+04
4.421600000000000000e+04
2.028700000000000000e+04
1.402000000000000000e+04
3.434900000000000000e+04
1.253500000000000000e+04
3.576500000000000000e+04
2.653000000000000000e+03
2.718500000000000000e+04
3.585000000000000000e+04
1.696700000000000000e+04
2.075100000000000000e+04
1.880700000000000000e+04
3.156600000000000000e+04
3.881000000000000000e+04
4.958800000000000000e+04
3.014600000000000000e+04
3.435100000000000000e+04
3.529900000000000000e+04
1.461600000000000000e+04
5.770000000000000000e+02
4.036200000000000000e+04
3.791700000000000000e+04
4.832300000000000000e+04
3.183900000000000000e+04
2.907200000000000000e+04
1.992500000000000000e+04
4.359600000000000000e+04
4.258000000000000000e+03
3.448700000000000000e+04
2.766400000000000000e+04
1.565600000000000000e+04
4.497800000000000000e+04
4.273100000000000000e+04
7.994000000000000000e+03
4.877900000000000000e+04
3.151100000000000000e+04
3.398500000000000000e+04
1.939300000000000000e+04
4.221700000000000000e+04
9.065000000000000000e+03
1.914100000000000000e+04
4.697900000000000000e+04
1.898100000000000000e+04
5.704000000000000000e+03
2.822000000000000000e+04
5.636000000000000000e+03
3.197300000000000000e+04
1.982800000000000000e+04
3.740000000000000000e+04
3.392700000000000000e+04
2.743000000000000000e+03
1.354500000000000000e+04
4.775000000000000000e+03
3.071000000000000000e+04
3.914500000000000000e+04
4.875700000000000000e+04
3.338600000000000000e+04
2.917000000000000000e+04
3.129700000000000000e+04
8.204000000000000000e+03
2.260500000000000000e+04
4.405900000000000000e+04
1.222700000000000000e+04
3.321000000000000000e+04
2.370000000000000000e+02
3.459800000000000000e+04
4.553000000000000000e+03
1.375000000000000000e+03
6.209000000000000000e+03
4.013300000000000000e+04
3.203900000000000000e+04
1.525200000000000000e+04
5.260000000000000000e+02
2.407900000000000000e+04
4.782000000000000000e+03
4.656800000000000000e+04
4.414400000000000000e+04
1.486100000000000000e+04
1.608600000000000000e+04
4.619600000000000000e+04
1.871600000000000000e+04
2.826000000000000000e+04
1.709000000000000000e+03
1.479400000000000000e+04
4.202400000000000000e+04
5.807000000000000000e+03
1.560000000000000000e+03
2.121500000000000000e+04
4.511900000000000000e+04
3.019100000000000000e+04
2.173300000000000000e+04
1.109200000000000000e+04
2.703000000000000000e+03
1.645400000000000000e+04
5.701000000000000000e+03
1.140400000000000000e+04
4.871600000000000000e+04
2.850300000000000000e+04
4.700000000000000000e+02
2.410000000000000000e+02
2.291500000000000000e+04
3.248000000000000000e+03
1.688000000000000000e+04
1.815000000000000000e+03
2.667800000000000000e+04
2.744000000000000000e+03
1.346900000000000000e+04
3.354500000000000000e+04
3.012300000000000000e+04
3.524000000000000000e+04
1.342400000000000000e+04
2.223000000000000000e+03
2.870000000000000000e+04
6.105000000000000000e+03
8.254000000000000000e+03
5.588000000000000000e+03
1.219800000000000000e+04
3.988000000000000000e+04
4.323000000000000000e+04
1.231100000000000000e+04
3.270200000000000000e+04
1.745600000000000000e+04
2.940000000000000000e+04
2.772900000000000000e+04
4.516400000000000000e+04
5.700000000000000000e+03
3.039300000000000000e+04
2.907700000000000000e+04
4.143600000000000000e+04
2.609100000000000000e+04
6.378000000000000000e+03
2.704000000000000000e+04
6.590000000000000000e+02
1.703300000000000000e+04
1.898300000000000000e+04
5.293000000000000000e+03
9.207000000000000000e+03
4.775600000000000000e+04
4.062000000000000000e+03
4.169800000000000000e+04
2.181000000000000000e+03
6.796000000000000000e+03
3.120600000000000000e+04
3.905800000000000000e+04
2.702000000000000000e+04
4.995200000000000000e+04
3.947900000000000000e+04
2.781400000000000000e+04
3.568900000000000000e+04
3.524000000000000000e+03
4.896300000000000000e+04
2.969300000000000000e+04
6.967000000000000000e+03
4.652200000000000000e+04
1.327200000000000000e+04
4.806500000000000000e+04
3.614900000000000000e+04
4.630900000000000000e+04
3.396000000000000000e+03
9.252000000000000000e+03
3.357800000000000000e+04
2.822500000000000000e+04
4.885400000000000000e+04
1.984800000000000000e+04
4.396800000000000000e+04
3.366800000000000000e+04
1.903900000000000000e+04
5.248000000000000000e+03
4.933300000000000000e+04
1.424100000000000000e+04
1.256100000000000000e+04
4.042000000000000000e+04
4.745500000000000000e+04
9.406000000000000000e+03
3.033000000000000000e+03
2.551900000000000000e+04
2.805400000000000000e+04
9.499000000000000000e+03
1.344800000000000000e+04
1.980700000000000000e+04
3.092400000000000000e+04
1.988100000000000000e+04
3.914800000000000000e+04
7.680000000000000000e+02
4.521500000000000000e+04
2.443300000000000000e+04
1.648700000000000000e+04
4.868300000000000000e+04
3.957100000000000000e+04
4.857200000000000000e+04
4.249700000000000000e+04
3.645400000000000000e+04
2.281700000000000000e+04
1.587000000000000000e+03
1.249100000000000000e+04
4.333000000000000000e+04
2.319900000000000000e+04
4.678400000000000000e+04
3.451000000000000000e+03
6.518000000000000000e+03
2.122200000000000000e+04
2.539000000000000000e+04
2.696100000000000000e+04
4.175700000000000000e+04
2.557700000000000000e+04
7.075000000000000000e+03
2.699900000000000000e+04
3.186500000000000000e+04
1.693000000000000000e+03
4.239400000000000000e+04
7.355000000000000000e+03
3.790700000000000000e+04
2.000400000000000000e+04
3.775000000000000000e+04
1.370500000000000000e+04
1.508200000000000000e+04
1.611600000000000000e+04
4.937900000000000000e+04
1.968800000000000000e+04
2.946400000000000000e+04
4.715800000000000000e+04
2.210400000000000000e+04
1.483300000000000000e+04
4.599600000000000000e+04
3.810000000000000000e+04
1.228800000000000000e+04
6.798000000000000000e+03
2.841400000000000000e+04
3.359000000000000000e+03
5.179000000000000000e+03
6.490000000000000000e+02
8.090000000000000000e+03
4.407600000000000000e+04
1.694900000000000000e+04
4.461200000000000000e+04
1.169000000000000000e+03
2.215900000000000000e+04
1.845500000000000000e+04
3.029300000000000000e+04
4.049100000000000000e+04
2.035100000000000000e+04
4.303400000000000000e+04
8.077000000000000000e+03
3.515900000000000000e+04
2.952600000000000000e+04
2.630000000000000000e+03
1.948100000000000000e+04
1.204800000000000000e+04
2.797700000000000000e+04
3.811400000000000000e+04
4.078500000000000000e+04
2.227600000000000000e+04
4.318200000000000000e+04
2.078000000000000000e+04
2.924800000000000000e+04
2.436100000000000000e+04
4.126100000000000000e+04
2.942000000000000000e+04
4.929800000000000000e+04
4.222000000000000000e+03
3.639000000000000000e+03
4.285900000000000000e+04
9.159000000000000000e+03
2.803800000000000000e+04
1.070400000000000000e+04
1.891600000000000000e+04
2.472600000000000000e+04
3.987100000000000000e+04
2.689900000000000000e+04
5.177000000000000000e+03
4.800000000000000000e+03
4.358900000000000000e+04
4.586300000000000000e+04
5.165000000000000000e+03
1.429200000000000000e+04
3.451800000000000000e+04
4.895100000000000000e+04
1.448000000000000000e+03
3.369200000000000000e+04
1.421300000000000000e+04
3.838300000000000000e+04
4.439400000000000000e+04
4.915000000000000000e+03
3.202200000000000000e+04
3.148800000000000000e+04
9.089000000000000000e+03
9.517000000000000000e+03
3.049400000000000000e+04
3.346200000000000000e+04
1.710300000000000000e+04
3.519300000000000000e+04
1.435100000000000000e+04
2.057000000000000000e+03
4.069400000000000000e+04
3.048900000000000000e+04
2.213100000000000000e+04
4.349800000000000000e+04
1.216300000000000000e+04
8.420000000000000000e+03
1.099900000000000000e+04
7.928000000000000000e+03
4.484500000000000000e+04
2.815800000000000000e+04
8.576000000000000000e+03
2.120200000000000000e+04
3.138400000000000000e+04
2.323500000000000000e+04
5.040000000000000000e+02
1.760300000000000000e+04
4.969400000000000000e+04
8.572000000000000000e+03
1.252000000000000000e+03
8.884000000000000000e+03
4.020000000000000000e+03
1.263100000000000000e+04
6.593000000000000000e+03
4.584300000000000000e+04
3.296900000000000000e+04
1.991500000000000000e+04
3.569000000000000000e+03
3.769000000000000000e+03
4.303700000000000000e+04
8.208000000000000000e+03
1.392000000000000000e+04
2.744500000000000000e+04
3.571200000000000000e+04
4.004000000000000000e+03
3.733500000000000000e+04
1.372300000000000000e+04
4.484800000000000000e+04
1.139900000000000000e+04
2.582100000000000000e+04
1.596600000000000000e+04
3.705400000000000000e+04
3.647900000000000000e+04
3.396500000000000000e+04
2.570800000000000000e+04
4.722900000000000000e+04
2.864400000000000000e+04
3.865200000000000000e+04
3.608100000000000000e+04
4.173000000000000000e+03
3.983900000000000000e+04
1.389400000000000000e+04
1.138000000000000000e+03
1.003900000000000000e+04
4.325000000000000000e+03
3.038500000000000000e+04
2.902900000000000000e+04
3.161700000000000000e+04
3.404900000000000000e+04
3.400400000000000000e+04
4.489900000000000000e+04
1.278700000000000000e+04
1.804400000000000000e+04
3.420900000000000000e+04
1.655600000000000000e+04
2.608900000000000000e+04
3.007000000000000000e+04
8.133000000000000000e+03
7.594000000000000000e+03
4.488800000000000000e+04
2.451400000000000000e+04
2.274000000000000000e+03
1.855000000000000000e+04
1.063900000000000000e+04
3.152600000000000000e+04
4.070700000000000000e+04
1.292700000000000000e+04
1.731000000000000000e+03
4.977100000000000000e+04
1.328300000000000000e+04
5.749000000000000000e+03
4.492500000000000000e+04
2.253700000000000000e+04
1.314300000000000000e+04
1.030000000000000000e+03
2.421100000000000000e+04
4.708500000000000000e+04
4.245600000000000000e+04
6.777000000000000000e+03
3.866900000000000000e+04
7.139000000000000000e+03
2.830800000000000000e+04
6.888000000000000000e+03
1.869000000000000000e+03
3.352600000000000000e+04
1.919500000000000000e+04
1.273600000000000000e+04
3.198000000000000000e+03
7.252000000000000000e+03
2.637900000000000000e+04
1.588000000000000000e+04
3.440000000000000000e+04
3.443800000000000000e+04
7.272000000000000000e+03
1.083900000000000000e+04
4.850400000000000000e+04
2.941400000000000000e+04
2.555000000000000000e+04
3.593700000000000000e+04
1.763000000000000000e+04
7.020000000000000000e+03
1.659600000000000000e+04
3.094200000000000000e+04
3.658800000000000000e+04
3.589400000000000000e+04
3.986500000000000000e+04
2.850000000000000000e+04
3.896700000000000000e+04
4.986000000000000000e+04
2.539800000000000000e+04
3.841100000000000000e+04
4.745000000000000000e+04
4.509000000000000000e+04
2.582800000000000000e+04
2.262300000000000000e+04
7.033000000000000000e+03
7.487000000000000000e+03
2.249300000000000000e+04
1.279000000000000000e+03
3.169500000000000000e+04
4.277300000000000000e+04
3.286600000000000000e+04
3.999700000000000000e+04
3.979200000000000000e+04
1.270000000000000000e+03
2.043100000000000000e+04
7.496000000000000000e+03
3.241000000000000000e+03
3.478000000000000000e+03
4.461700000000000000e+04
1.490300000000000000e+04
4.138300000000000000e+04
4.294700000000000000e+04
3.202400000000000000e+04
3.146000000000000000e+04
4.874800000000000000e+04
3.050300000000000000e+04
2.737000000000000000e+04
9.947000000000000000e+03
4.116100000000000000e+04
3.586300000000000000e+04
2.705500000000000000e+04
1.825800000000000000e+04
3.589300000000000000e+04
3.611600000000000000e+04
2.193900000000000000e+04
4.796800000000000000e+04
2.398500000000000000e+04
1.212000000000000000e+04
1.694000000000000000e+04
1.282800000000000000e+04
3.012600000000000000e+04
2.769100000000000000e+04
1.534700000000000000e+04
5.507000000000000000e+03
5.950000000000000000e+03
3.869600000000000000e+04
4.929300000000000000e+04
2.549500000000000000e+04
4.091200000000000000e+04
2.335600000000000000e+04
4.207300000000000000e+04
4.503700000000000000e+04
1.897200000000000000e+04
1.024100000000000000e+04
4.551000000000000000e+03
3.794800000000000000e+04
1.154100000000000000e+04
2.563900000000000000e+04
3.650500000000000000e+04
1.736600000000000000e+04
4.344200000000000000e+04
5.417000000000000000e+03
2.218900000000000000e+04
9.348000000000000000e+03
4.910000000000000000e+03
1.400200000000000000e+04
1.438500000000000000e+04
2.780000000000000000e+04
9.066000000000000000e+03
1.325500000000000000e+04
3.437200000000000000e+04
1.212000000000000000e+03
2.786800000000000000e+04
4.874900000000000000e+04
2.275000000000000000e+03
3.805200000000000000e+04
4.008700000000000000e+04
2.253200000000000000e+04
2.683500000000000000e+04
4.679600000000000000e+04
5.810000000000000000e+03
3.732600000000000000e+04
4.254500000000000000e+04
6.005000000000000000e+03
7.801000000000000000e+03
2.282000000000000000e+03
3.887200000000000000e+04
1.414700000000000000e+04
3.415700000000000000e+04
2.573600000000000000e+04
4.453100000000000000e+04
1.960800000000000000e+04
4.744000000000000000e+04
1.319000000000000000e+04
4.152900000000000000e+04
9.319000000000000000e+03
3.399200000000000000e+04
4.834800000000000000e+04
2.099000000000000000e+03
3.933400000000000000e+04
6.419000000000000000e+03
2.665900000000000000e+04
4.891100000000000000e+04
1.386400000000000000e+04
3.836800000000000000e+04
2.989000000000000000e+04
1.640700000000000000e+04
4.067500000000000000e+04
3.945900000000000000e+04
9.416000000000000000e+03
2.495900000000000000e+04
5.223000000000000000e+03
9.422000000000000000e+03
1.537600000000000000e+04
1.728000000000000000e+03
6.658000000000000000e+03
4.677600000000000000e+04
8.347000000000000000e+03
2.137500000000000000e+04
1.961800000000000000e+04
1.473500000000000000e+04
2.884600000000000000e+04
1.446900000000000000e+04
3.360800000000000000e+04
2.003200000000000000e+04
2.021500000000000000e+04
1.321700000000000000e+04
2.611600000000000000e+04
3.020100000000000000e+04
3.719800000000000000e+04
2.629200000000000000e+04
3.396200000000000000e+04
2.814200000000000000e+04
2.778100000000000000e+04
3.922900000000000000e+04
3.894000000000000000e+04
3.056800000000000000e+04
2.817000000000000000e+03
9.000000000000000000e+00
4.206300000000000000e+04
2.007500000000000000e+04
4.501200000000000000e+04
3.181800000000000000e+04
4.529300000000000000e+04
1.423900000000000000e+04
1.241100000000000000e+04
4.314400000000000000e+04
4.186900000000000000e+04
6.758000000000000000e+03
1.080700000000000000e+04
9.379000000000000000e+03
2.667500000000000000e+04
4.303800000000000000e+04
2.594400000000000000e+04
3.703200000000000000e+04
3.874400000000000000e+04
3.471900000000000000e+04
2.474800000000000000e+04
4.187000000000000000e+03
3.082100000000000000e+04
1.593300000000000000e+04
4.474400000000000000e+04
3.378700000000000000e+04
4.229700000000000000e+04
4.686600000000000000e+04
4.115000000000000000e+04
2.637300000000000000e+04
4.352500000000000000e+04
4.835700000000000000e+04
2.634700000000000000e+04
3.029700000000000000e+04
1.068000000000000000e+04
3.620700000000000000e+04
3.623000000000000000e+04
3.796200000000000000e+04
2.077700000000000000e+04
4.689200000000000000e+04
2.720000000000000000e+04
3.475000000000000000e+03
1.333500000000000000e+04
4.732700000000000000e+04
1.158300000000000000e+04
4.754200000000000000e+04
1.060800000000000000e+04
3.550000000000000000e+02
3.666300000000000000e+04
2.867800000000000000e+04
2.305000000000000000e+04
1.627600000000000000e+04
8.819000000000000000e+03
2.115300000000000000e+04
2.501600000000000000e+04
1.488000000000000000e+03
4.302200000000000000e+04
4.176000000000000000e+04
2.424700000000000000e+04
2.421300000000000000e+04
4.440500000000000000e+04
9.671000000000000000e+03
2.240700000000000000e+04
1.281700000000000000e+04
3.124300000000000000e+04
2.635600000000000000e+04
4.524000000000000000e+03
3.397300000000000000e+04
1.222800000000000000e+04
5.590000000000000000e+02
6.765000000000000000e+03
1.646100000000000000e+04
4.964900000000000000e+04
1.944000000000000000e+04
2.673300000000000000e+04
5.695000000000000000e+03
4.505000000000000000e+03
9.302000000000000000e+03
3.186700000000000000e+04
2.110100000000000000e+04
3.544200000000000000e+04
2.790500000000000000e+04
3.913000000000000000e+04
1.969800000000000000e+04
1.206100000000000000e+04
4.918800000000000000e+04
4.726400000000000000e+04
2.481800000000000000e+04
1.895500000000000000e+04
4.468800000000000000e+04
3.340000000000000000e+03
3.230000000000000000e+02
5.676000000000000000e+03
1.667100000000000000e+04
3.582600000000000000e+04
2.771000000000000000e+04
3.537100000000000000e+04
4.072200000000000000e+04
1.926100000000000000e+04
4.501300000000000000e+04
1.333600000000000000e+04
9.103000000000000000e+03
6.969000000000000000e+03
3.742100000000000000e+04
8.942000000000000000e+03
3.144100000000000000e+04
4.213100000000000000e+04
4.416700000000000000e+04
4.497600000000000000e+04
3.669200000000000000e+04
4.036100000000000000e+04
3.660200000000000000e+04
4.974000000000000000e+03
4.956300000000000000e+04
2.737900000000000000e+04
1.273000000000000000e+03
4.114300000000000000e+04
1.735700000000000000e+04
1.094300000000000000e+04
3.976400000000000000e+04
1.368600000000000000e+04
2.732200000000000000e+04
3.267200000000000000e+04
1.304000000000000000e+04
3.618200000000000000e+04
7.982000000000000000e+03
1.737000000000000000e+04
1.808000000000000000e+03
3.022300000000000000e+04
3.817600000000000000e+04
1.552700000000000000e+04
2.277500000000000000e+04
4.372900000000000000e+04
4.480600000000000000e+04
2.285900000000000000e+04
2.410000000000000000e+03
4.630400000000000000e+04
1.162000000000000000e+04
2.589900000000000000e+04
2.434600000000000000e+04
1.117300000000000000e+04
6.440000000000000000e+02
4.940000000000000000e+04
2.882100000000000000e+04
3.976000000000000000e+04
3.945500000000000000e+04
2.964500000000000000e+04
1.056000000000000000e+04
9.025000000000000000e+03
3.856500000000000000e+04
1.299500000000000000e+04
4.682000000000000000e+04
2.594000000000000000e+04
1.685500000000000000e+04
1.388000000000000000e+04
1.771000000000000000e+03
4.158600000000000000e+04
3.247900000000000000e+04
2.901300000000000000e+04
3.133600000000000000e+04
3.329600000000000000e+04
4.916800000000000000e+04
2.050700000000000000e+04
7.394000000000000000e+03
4.975900000000000000e+04
4.298300000000000000e+04
3.094000000000000000e+03
1.716000000000000000e+03
5.164000000000000000e+03
1.225400000000000000e+04
3.438500000000000000e+04
3.089200000000000000e+04
2.570000000000000000e+02
2.117000000000000000e+03
4.261500000000000000e+04
2.859200000000000000e+04
3.473000000000000000e+03
3.124700000000000000e+04
7.354000000000000000e+03
4.820000000000000000e+02
2.804500000000000000e+04
3.265800000000000000e+04
2.349600000000000000e+04
1.388100000000000000e+04
2.776800000000000000e+04
1.708800000000000000e+04
4.852600000000000000e+04
4.561300000000000000e+04
2.514000000000000000e+04
4.088100000000000000e+04
2.109900000000000000e+04
1.212900000000000000e+04
2.505200000000000000e+04
1.367400000000000000e+04
1.530300000000000000e+04
8.563000000000000000e+03
4.653700000000000000e+04
2.846000000000000000e+03
3.698600000000000000e+04
3.737900000000000000e+04
6.638000000000000000e+03
4.690800000000000000e+04
3.172900000000000000e+04
1.876100000000000000e+04
4.246000000000000000e+04
4.381800000000000000e+04
6.296000000000000000e+03
4.718900000000000000e+04
4.448900000000000000e+04
1.292000000000000000e+03
2.052700000000000000e+04
1.852700000000000000e+04
2.169700000000000000e+04
3.335000000000000000e+04
1.652400000000000000e+04
2.075400000000000000e+04
2.241600000000000000e+04
2.900000000000000000e+03
4.279700000000000000e+04
3.720900000000000000e+04
2.726000000000000000e+04
7.925000000000000000e+03
3.995900000000000000e+04
2.752000000000000000e+03
4.532800000000000000e+04
9.192000000000000000e+03
3.051300000000000000e+04
3.196000000000000000e+03
3.178800000000000000e+04
2.098500000000000000e+04
3.773600000000000000e+04
4.419100000000000000e+04
4.175400000000000000e+04
3.985900000000000000e+04
3.465300000000000000e+04
3.368300000000000000e+04
4.593000000000000000e+03
9.118000000000000000e+03
1.444100000000000000e+04
3.818000000000000000e+04
4.190600000000000000e+04
5.152000000000000000e+03
2.642200000000000000e+04
3.600800000000000000e+04
2.653500000000000000e+04
1.672100000000000000e+04
2.064800000000000000e+04
1.353300000000000000e+04
2.858800000000000000e+04
1.179900000000000000e+04
3.869300000000000000e+04
2.639800000000000000e+04
3.490900000000000000e+04
3.933500000000000000e+04
3.517800000000000000e+04
1.152600000000000000e+04
3.862700000000000000e+04
2.117700000000000000e+04
5.864000000000000000e+03
4.332500000000000000e+04
3.540000000000000000e+02
3.992900000000000000e+04
2.171100000000000000e+04
2.175400000000000000e+04
3.680600000000000000e+04
2.963600000000000000e+04
1.280400000000000000e+04
3.320600000000000000e+04
2.576000000000000000e+03
1.430100000000000000e+04
2.327400000000000000e+04
2.394000000000000000e+04
1.641000000000000000e+04
1.381600000000000000e+04
3.268000000000000000e+03
3.356500000000000000e+04
3.837200000000000000e+04
2.245800000000000000e+04
1.346400000000000000e+04
4.400300000000000000e+04
2.143300000000000000e+04
1.056500000000000000e+04
2.960000000000000000e+04
1.606100000000000000e+04
4.945900000000000000e+04
1.535600000000000000e+04
1.298400000000000000e+04
4.107800000000000000e+04
1.074600000000000000e+04
7.098000000000000000e+03
2.783400000000000000e+04
1.971500000000000000e+04
1.130200000000000000e+04
3.468800000000000000e+04
2.749900000000000000e+04
3.383800000000000000e+04
6.190000000000000000e+03
2.429200000000000000e+04
1.666300000000000000e+04
2.459700000000000000e+04
1.785600000000000000e+04
4.279300000000000000e+04
3.840000000000000000e+02
3.752500000000000000e+04
2.600000000000000000e+04
6.000000000000000000e+00
2.915000000000000000e+04
8.870000000000000000e+02
1.149500000000000000e+04
5.876000000000000000e+03
4.566900000000000000e+04
4.750700000000000000e+04
4.631000000000000000e+03
2.211400000000000000e+04
4.622600000000000000e+04
4.033000000000000000e+04
1.269600000000000000e+04
2.317700000000000000e+04
1.206800000000000000e+04
2.278000000000000000e+03
6.400000000000000000e+03
9.334000000000000000e+03
2.163000000000000000e+04
3.284900000000000000e+04
3.468500000000000000e+04
4.389200000000000000e+04
2.729300000000000000e+04
1.535700000000000000e+04
7.776000000000000000e+03
4.520000000000000000e+02
3.280000000000000000e+02
3.673300000000000000e+04
1.496900000000000000e+04
9.659000000000000000e+03
1.931500000000000000e+04
1.671500000000000000e+04
3.113000000000000000e+03
3.640900000000000000e+04
7.358000000000000000e+03
4.599500000000000000e+04
4.193000000000000000e+04
1.231600000000000000e+04
1.048600000000000000e+04
3.668600000000000000e+04
4.881000000000000000e+03
2.159100000000000000e+04
4.348900000000000000e+04
2.841100000000000000e+04
3.892900000000000000e+04
2.862400000000000000e+04
1.507000000000000000e+03
2.493100000000000000e+04
4.829000000000000000e+03
2.140500000000000000e+04
3.817300000000000000e+04
4.301700000000000000e+04
2.552200000000000000e+04
4.792800000000000000e+04
9.833000000000000000e+03
3.451900000000000000e+04
7.964000000000000000e+03
2.359200000000000000e+04
2.944400000000000000e+04
4.124000000000000000e+03
4.941000000000000000e+03
4.426100000000000000e+04
2.458300000000000000e+04
9.896000000000000000e+03
4.533000000000000000e+03
3.635100000000000000e+04
3.460400000000000000e+04
5.000000000000000000e+01
4.548000000000000000e+04
2.769600000000000000e+04
3.598800000000000000e+04
4.539900000000000000e+04
4.814000000000000000e+04
4.833600000000000000e+04
1.791000000000000000e+03
4.817200000000000000e+04
2.425300000000000000e+04
1.504500000000000000e+04
6.163000000000000000e+03
6.514000000000000000e+03
1.454000000000000000e+03
2.998500000000000000e+04
4.259400000000000000e+04
3.814100000000000000e+04
4.084200000000000000e+04
1.995000000000000000e+03
1.051400000000000000e+04
3.231300000000000000e+04
3.628300000000000000e+04
2.840400000000000000e+04
1.670300000000000000e+04
3.578000000000000000e+04
4.584400000000000000e+04
2.434000000000000000e+03
2.393900000000000000e+04
4.936700000000000000e+04
2.924400000000000000e+04
8.877000000000000000e+03
3.123500000000000000e+04
4.556500000000000000e+04
3.470500000000000000e+04
4.449300000000000000e+04
1.341400000000000000e+04
8.114000000000000000e+03
3.891000000000000000e+03
3.276900000000000000e+04
3.111600000000000000e+04
3.647700000000000000e+04
2.611900000000000000e+04
2.593500000000000000e+04
3.611300000000000000e+04
4.473200000000000000e+04
4.038100000000000000e+04
1.477500000000000000e+04
1.987600000000000000e+04
4.602600000000000000e+04
2.932700000000000000e+04
4.345200000000000000e+04
4.266800000000000000e+04
1.907500000000000000e+04
9.820000000000000000e+02
4.462300000000000000e+04
3.388400000000000000e+04
7.036000000000000000e+03
4.409200000000000000e+04
1.448400000000000000e+04
4.103600000000000000e+04
5.172000000000000000e+03
2.857800000000000000e+04
4.923800000000000000e+04
2.332300000000000000e+04
9.046000000000000000e+03
1.467600000000000000e+04
7.301000000000000000e+03
1.879600000000000000e+04
2.181200000000000000e+04
9.323000000000000000e+03
1.746200000000000000e+04
3.585900000000000000e+04
4.447300000000000000e+04
3.328900000000000000e+04
3.615600000000000000e+04
3.693700000000000000e+04
2.270100000000000000e+04
2.266000000000000000e+04
1.163000000000000000e+04
6.135000000000000000e+03
8.772000000000000000e+03
3.138000000000000000e+03
4.207000000000000000e+04
2.039000000000000000e+04
2.617200000000000000e+04
3.300000000000000000e+03
8.893000000000000000e+03
4.814400000000000000e+04
4.362600000000000000e+04
5.880000000000000000e+02
3.442000000000000000e+04
4.699400000000000000e+04
1.625600000000000000e+04
4.802500000000000000e+04
1.740100000000000000e+04
3.451700000000000000e+04
4.891000000000000000e+04
3.210900000000000000e+04
3.392100000000000000e+04
7.469000000000000000e+03
2.809500000000000000e+04
2.378100000000000000e+04
2.000000000000000000e+02
4.053000000000000000e+03
5.186000000000000000e+03
3.522400000000000000e+04
3.259000000000000000e+04
3.068900000000000000e+04
1.344200000000000000e+04
1.632900000000000000e+04
3.472300000000000000e+04
2.336600000000000000e+04
1.666800000000000000e+04
4.926500000000000000e+04
5.895000000000000000e+03
4.356200000000000000e+04
6.865000000000000000e+03
4.148000000000000000e+04
2.309400000000000000e+04
5.974000000000000000e+03
4.182900000000000000e+04
3.030000000000000000e+02
3.324500000000000000e+04
7.564000000000000000e+03
4.876400000000000000e+04
7.724000000000000000e+03
7.921000000000000000e+03
4.047400000000000000e+04
4.783000000000000000e+04
3.276100000000000000e+04
1.976300000000000000e+04
4.729100000000000000e+04
4.965400000000000000e+04
4.002200000000000000e+04
2.891400000000000000e+04
3.081000000000000000e+04
4.867000000000000000e+04
2.204000000000000000e+04
1.124100000000000000e+04
3.572100000000000000e+04
3.050700000000000000e+04
1.447800000000000000e+04
3.620000000000000000e+04
8.490000000000000000e+03
3.650600000000000000e+04
1.141900000000000000e+04
4.025600000000000000e+04
3.402300000000000000e+04
3.493000000000000000e+04
4.841400000000000000e+04
4.020100000000000000e+04
6.860000000000000000e+02
3.793300000000000000e+04
3.083300000000000000e+04
1.615000000000000000e+04
4.180500000000000000e+04
3.489300000000000000e+04
7.366000000000000000e+03
2.293000000000000000e+03
2.677000000000000000e+03
3.130000000000000000e+04
4.526600000000000000e+04
4.294000000000000000e+04
3.908200000000000000e+04
8.170000000000000000e+03
4.435800000000000000e+04
2.191100000000000000e+04
4.912800000000000000e+04
1.519600000000000000e+04
4.135900000000000000e+04
2.348600000000000000e+04
1.450700000000000000e+04
1.601600000000000000e+04
1.583300000000000000e+04
1.721700000000000000e+04
4.543300000000000000e+04
4.024800000000000000e+04
4.742500000000000000e+04
4.138500000000000000e+04
2.288000000000000000e+04
4.389400000000000000e+04
4.449800000000000000e+04
1.495500000000000000e+04
4.074900000000000000e+04
3.592000000000000000e+04
4.961700000000000000e+04
4.879300000000000000e+04
3.647500000000000000e+04
3.333700000000000000e+04
2.654200000000000000e+04
4.815900000000000000e+04
2.220800000000000000e+04
2.282000000000000000e+04
4.905500000000000000e+04
2.819500000000000000e+04
1.002700000000000000e+04
1.780000000000000000e+03
3.178700000000000000e+04
3.613000000000000000e+03
4.280700000000000000e+04
1.258700000000000000e+04
4.528000000000000000e+04
3.136800000000000000e+04
2.291200000000000000e+04
4.553600000000000000e+04
1.211400000000000000e+04
3.764500000000000000e+04
4.175900000000000000e+04
1.493600000000000000e+04
9.568000000000000000e+03
4.628900000000000000e+04
3.258300000000000000e+04
3.175900000000000000e+04
2.689400000000000000e+04
1.035500000000000000e+04
9.856000000000000000e+03
3.219400000000000000e+04
9.975000000000000000e+03
1.428500000000000000e+04
6.475000000000000000e+03
1.093200000000000000e+04
4.434000000000000000e+03
3.403600000000000000e+04
4.749300000000000000e+04
3.021600000000000000e+04
3.224600000000000000e+04
2.315900000000000000e+04
3.426600000000000000e+04
3.461700000000000000e+04
3.365200000000000000e+04
2.359700000000000000e+04
1.176400000000000000e+04
3.787900000000000000e+04
1.329500000000000000e+04
3.446600000000000000e+04
3.315700000000000000e+04
4.793700000000000000e+04
1.518200000000000000e+04
3.680000000000000000e+03
3.974900000000000000e+04
4.546100000000000000e+04
1.289500000000000000e+04
1.287000000000000000e+04
1.670000000000000000e+03
4.361700000000000000e+04
4.929200000000000000e+04
3.288100000000000000e+04
4.741500000000000000e+04
2.214800000000000000e+04
1.771000000000000000e+04
1.832400000000000000e+04
5.308000000000000000e+03
4.072600000000000000e+04
3.799100000000000000e+04
3.963600000000000000e+04
1.190200000000000000e+04
1.078700000000000000e+04
4.562200000000000000e+04
2.637500000000000000e+04
4.140700000000000000e+04
4.754000000000000000e+03
7.080000000000000000e+03
4.425000000000000000e+04
2.327800000000000000e+04
3.173800000000000000e+04
4.884100000000000000e+04
2.577000000000000000e+04
9.314000000000000000e+03
1.028500000000000000e+04
3.735900000000000000e+04
3.444100000000000000e+04
2.899400000000000000e+04
1.930700000000000000e+04
4.679400000000000000e+04
9.289000000000000000e+03
3.058500000000000000e+04
1.281000000000000000e+04
3.487300000000000000e+04
4.071000000000000000e+03
4.407000000000000000e+03
3.096900000000000000e+04
3.867200000000000000e+04
1.066100000000000000e+04
3.200400000000000000e+04
1.403100000000000000e+04
2.534300000000000000e+04
4.773800000000000000e+04
2.818200000000000000e+04
1.799800000000000000e+04
4.293500000000000000e+04
3.204000000000000000e+04
4.841200000000000000e+04
1.590900000000000000e+04
4.587300000000000000e+04
3.498200000000000000e+04
3.670000000000000000e+03
3.336400000000000000e+04
3.833800000000000000e+04
4.896800000000000000e+04
1.420900000000000000e+04
4.422000000000000000e+04
2.515800000000000000e+04
3.017100000000000000e+04
2.662300000000000000e+04
3.674200000000000000e+04
4.986300000000000000e+04
1.348200000000000000e+04
2.815000000000000000e+03
2.338700000000000000e+04
5.539000000000000000e+03
3.862300000000000000e+04
4.414000000000000000e+04
3.411800000000000000e+04
3.552900000000000000e+04
2.375100000000000000e+04
3.430200000000000000e+04
2.848000000000000000e+03
7.500000000000000000e+02
2.038000000000000000e+03
3.941000000000000000e+03
2.580000000000000000e+02
4.121000000000000000e+04
4.685400000000000000e+04
3.084500000000000000e+04
2.747900000000000000e+04
1.686200000000000000e+04
2.792000000000000000e+04
4.857700000000000000e+04
4.580100000000000000e+04
2.674500000000000000e+04
6.023000000000000000e+03
1.908200000000000000e+04
4.465000000000000000e+04
2.036800000000000000e+04
3.907200000000000000e+04
1.942000000000000000e+03
2.599000000000000000e+03
1.878000000000000000e+04
2.360200000000000000e+04
3.766100000000000000e+04
2.899600000000000000e+04
3.645700000000000000e+04
1.838200000000000000e+04
4.393300000000000000e+04
1.732400000000000000e+04
4.389100000000000000e+04
4.225500000000000000e+04
3.353500000000000000e+04
3.276000000000000000e+03
1.070700000000000000e+04
2.765800000000000000e+04
3.391000000000000000e+04
2.453700000000000000e+04
4.860300000000000000e+04
2.786000000000000000e+03
4.063200000000000000e+04
1.125000000000000000e+03
1.107300000000000000e+04
1.334200000000000000e+04
4.552700000000000000e+04
2.984700000000000000e+04
6.565000000000000000e+03
3.956300000000000000e+04
1.655400000000000000e+04
3.693800000000000000e+04
6.996000000000000000e+03
1.601000000000000000e+03
4.265100000000000000e+04
4.735000000000000000e+04
2.966700000000000000e+04
1.126700000000000000e+04
1.767000000000000000e+04
3.543700000000000000e+04
3.827600000000000000e+04
2.129300000000000000e+04
3.671000000000000000e+03
2.252800000000000000e+04
2.108700000000000000e+04
3.038200000000000000e+04
4.894000000000000000e+04
1.403700000000000000e+04
1.264000000000000000e+03
1.870300000000000000e+04
1.272100000000000000e+04
6.330000000000000000e+02
2.823500000000000000e+04
1.011400000000000000e+04
1.746900000000000000e+04
2.895000000000000000e+04
3.109600000000000000e+04
4.903900000000000000e+04
2.936200000000000000e+04
4.235800000000000000e+04
4.522600000000000000e+04
3.892700000000000000e+04
1.803400000000000000e+04
4.119100000000000000e+04
4.427500000000000000e+04
4.898600000000000000e+04
2.179400000000000000e+04
2.217000000000000000e+04
2.374200000000000000e+04
1.666900000000000000e+04
4.157000000000000000e+04
2.560900000000000000e+04
3.287200000000000000e+04
1.095200000000000000e+04
1.951000000000000000e+04
1.723600000000000000e+04
2.431000000000000000e+04
1.347300000000000000e+04
3.074100000000000000e+04
3.166000000000000000e+04
1.261800000000000000e+04
3.110600000000000000e+04
3.190100000000000000e+04
5.163000000000000000e+03
1.641100000000000000e+04
3.695900000000000000e+04
2.772100000000000000e+04
3.041800000000000000e+04
1.177000000000000000e+04
4.278800000000000000e+04
2.886700000000000000e+04
2.659600000000000000e+04
1.314100000000000000e+04
3.559200000000000000e+04
3.970800000000000000e+04
1.841800000000000000e+04
6.879000000000000000e+03
2.875100000000000000e+04
1.212300000000000000e+04
2.880000000000000000e+03
2.186300000000000000e+04
3.480200000000000000e+04
4.068300000000000000e+04
1.451500000000000000e+04
2.330000000000000000e+03
1.111100000000000000e+04
1.107900000000000000e+04
2.149800000000000000e+04
1.686000000000000000e+03
4.502800000000000000e+04
4.269000000000000000e+04
1.170000000000000000e+04
4.238500000000000000e+04
1.983500000000000000e+04
2.946000000000000000e+04
1.737800000000000000e+04
4.028300000000000000e+04
2.590600000000000000e+04
2.842200000000000000e+04
1.988500000000000000e+04
4.284000000000000000e+04
3.961700000000000000e+04
4.135200000000000000e+04
2.410600000000000000e+04
2.151200000000000000e+04
4.729200000000000000e+04
2.427100000000000000e+04
2.477600000000000000e+04
2.992600000000000000e+04
2.054300000000000000e+04
2.918000000000000000e+03
4.167600000000000000e+04
5.752000000000000000e+03
4.567800000000000000e+04
6.210000000000000000e+02
4.280800000000000000e+04
9.364000000000000000e+03
4.066400000000000000e+04
1.405200000000000000e+04
2.456700000000000000e+04
2.301400000000000000e+04
1.797900000000000000e+04
1.116000000000000000e+03
8.889000000000000000e+03
6.251000000000000000e+03
1.170200000000000000e+04
2.436000000000000000e+04
4.442400000000000000e+04
3.495100000000000000e+04
1.026400000000000000e+04
4.866400000000000000e+04
3.872400000000000000e+04
2.439800000000000000e+04
4.820100000000000000e+04
1.410900000000000000e+04
4.995300000000000000e+04
2.366900000000000000e+04
2.734600000000000000e+04
2.984800000000000000e+04
4.467000000000000000e+04
1.943800000000000000e+04
3.829000000000000000e+04
3.631300000000000000e+04
4.269700000000000000e+04
4.919500000000000000e+04
5.882000000000000000e+03
2.034300000000000000e+04
1.751100000000000000e+04
9.067000000000000000e+03
5.814000000000000000e+03
3.401700000000000000e+04
2.984200000000000000e+04
5.905000000000000000e+03
3.613800000000000000e+04
2.130600000000000000e+04
1.829000000000000000e+03
3.679900000000000000e+04
4.298400000000000000e+04
2.388300000000000000e+04
3.496400000000000000e+04
4.713200000000000000e+04
3.568800000000000000e+04
4.816300000000000000e+04
1.183700000000000000e+04
1.252300000000000000e+04
2.852600000000000000e+04
9.954000000000000000e+03
2.501000000000000000e+04
2.121100000000000000e+04
4.507600000000000000e+04
3.120700000000000000e+04
9.818000000000000000e+03
4.941200000000000000e+04
1.218100000000000000e+04
2.182400000000000000e+04
4.984800000000000000e+04
4.761900000000000000e+04
4.171200000000000000e+04
8.982000000000000000e+03
9.968000000000000000e+03
1.051200000000000000e+04
3.092800000000000000e+04
2.158200000000000000e+04
1.392200000000000000e+04
4.922300000000000000e+04
3.694000000000000000e+04
2.018100000000000000e+04
1.893700000000000000e+04
3.926800000000000000e+04
3.811700000000000000e+04
3.186200000000000000e+04
3.332500000000000000e+04
5.997000000000000000e+03
1.752100000000000000e+04
4.957300000000000000e+04
2.508600000000000000e+04
1.505000000000000000e+04
2.681300000000000000e+04
3.104700000000000000e+04
2.155900000000000000e+04
4.520600000000000000e+04
1.103800000000000000e+04
1.817700000000000000e+04
3.370900000000000000e+04
1.662300000000000000e+04
2.258900000000000000e+04
3.447300000000000000e+04
1.450200000000000000e+04
2.664700000000000000e+04
3.024900000000000000e+04
1.777600000000000000e+04
4.056300000000000000e+04
1.988300000000000000e+04
4.730400000000000000e+04
2.896500000000000000e+04
6.308000000000000000e+03
2.194600000000000000e+04
2.098800000000000000e+04
6.601000000000000000e+03
2.355200000000000000e+04
1.061400000000000000e+04
3.633600000000000000e+04
2.774200000000000000e+04
3.912500000000000000e+04
4.760700000000000000e+04
3.931700000000000000e+04
4.522000000000000000e+04
4.938500000000000000e+04
1.705700000000000000e+04
4.705600000000000000e+04
4.260100000000000000e+04
2.318200000000000000e+04
3.686500000000000000e+04
4.616500000000000000e+04
1.247100000000000000e+04
2.060000000000000000e+02
1.014900000000000000e+04
2.504100000000000000e+04
1.276100000000000000e+04
4.792400000000000000e+04
4.165500000000000000e+04
4.744000000000000000e+03
3.829000000000000000e+03
1.432400000000000000e+04
4.814800000000000000e+04
2.450900000000000000e+04
2.065700000000000000e+04
4.017700000000000000e+04
7.407000000000000000e+03
2.899100000000000000e+04
1.553200000000000000e+04
2.926500000000000000e+04
4.923200000000000000e+04
3.334900000000000000e+04
2.101600000000000000e+04
9.157000000000000000e+03
3.508700000000000000e+04
4.298100000000000000e+04
3.262100000000000000e+04
5.915000000000000000e+03
4.913500000000000000e+04
3.944700000000000000e+04
3.193000000000000000e+03
8.091000000000000000e+03
1.675200000000000000e+04
4.743000000000000000e+04
2.850000000000000000e+02
3.310100000000000000e+04
1.015400000000000000e+04
4.177400000000000000e+04
2.997000000000000000e+03
2.100700000000000000e+04
2.734500000000000000e+04
2.542000000000000000e+03
4.183100000000000000e+04
3.816400000000000000e+04
2.727500000000000000e+04
3.540400000000000000e+04
3.109000000000000000e+04
3.654600000000000000e+04
1.048700000000000000e+04
6.034000000000000000e+03
3.393000000000000000e+03
2.617400000000000000e+04
2.355700000000000000e+04
1.643500000000000000e+04
4.926700000000000000e+04
8.822000000000000000e+03
1.961500000000000000e+04
4.541200000000000000e+04
2.611100000000000000e+04
2.958800000000000000e+04
4.283300000000000000e+04
2.046000000000000000e+03
4.630300000000000000e+04
4.131800000000000000e+04
2.939300000000000000e+04
1.436700000000000000e+04
2.581500000000000000e+04
8.926000000000000000e+03
1.623500000000000000e+04
2.190300000000000000e+04
1.815900000000000000e+04
3.958800000000000000e+04
1.351100000000000000e+04
2.979000000000000000e+03
4.278200000000000000e+04
4.199000000000000000e+03
1.347500000000000000e+04
4.748400000000000000e+04
3.531900000000000000e+04
3.732300000000000000e+04
1.048200000000000000e+04
2.684700000000000000e+04
2.835300000000000000e+04
1.333100000000000000e+04
2.667300000000000000e+04
4.215100000000000000e+04
6.292000000000000000e+03
3.271000000000000000e+03
2.598700000000000000e+04
4.455000000000000000e+03
3.047000000000000000e+04
1.125600000000000000e+04
3.017800000000000000e+04
1.952800000000000000e+04
1.374400000000000000e+04
3.087900000000000000e+04
3.674300000000000000e+04
1.828400000000000000e+04
3.718100000000000000e+04
3.616400000000000000e+04
4.147800000000000000e+04
1.627300000000000000e+04
1.868400000000000000e+04
2.142500000000000000e+04
1.200000000000000000e+01
1.325800000000000000e+04
4.096900000000000000e+04
5.509000000000000000e+03
2.507100000000000000e+04
3.732800000000000000e+04
3.509600000000000000e+04
2.045100000000000000e+04
1.221700000000000000e+04
2.891700000000000000e+04
5.996000000000000000e+03
2.117600000000000000e+04
1.581700000000000000e+04
1.622700000000000000e+04
7.263000000000000000e+03
1.364300000000000000e+04
1.478000000000000000e+03
2.125700000000000000e+04
4.773500000000000000e+04
2.059000000000000000e+03
3.561800000000000000e+04
2.299200000000000000e+04
1.127100000000000000e+04
1.662600000000000000e+04
2.951900000000000000e+04
4.276400000000000000e+04
1.164300000000000000e+04
4.753300000000000000e+04
9.653000000000000000e+03
3.177500000000000000e+04
1.486600000000000000e+04
2.535400000000000000e+04
2.899800000000000000e+04
2.712600000000000000e+04
1.713400000000000000e+04
1.497000000000000000e+04
2.487200000000000000e+04
1.434800000000000000e+04
4.171600000000000000e+04
3.566400000000000000e+04
5.730000000000000000e+02
3.474400000000000000e+04
1.053000000000000000e+04
3.817800000000000000e+04
1.966600000000000000e+04
4.812800000000000000e+04
2.704600000000000000e+04
4.847300000000000000e+04
4.818500000000000000e+04
3.445400000000000000e+04
3.040900000000000000e+04
2.323300000000000000e+04
2.108500000000000000e+04
4.668100000000000000e+04
4.471100000000000000e+04
4.158400000000000000e+04
2.320500000000000000e+04
3.374000000000000000e+03
3.564400000000000000e+04
2.210800000000000000e+04
3.950100000000000000e+04
3.289100000000000000e+04
9.324000000000000000e+03
1.299600000000000000e+04
2.300300000000000000e+04
4.982300000000000000e+04
2.225000000000000000e+03
4.310200000000000000e+04
4.257600000000000000e+04
2.400300000000000000e+04
2.131800000000000000e+04
2.905700000000000000e+04
1.870100000000000000e+04
3.073800000000000000e+04
7.122000000000000000e+03
1.010500000000000000e+04
1.628300000000000000e+04
7.269000000000000000e+03
2.365800000000000000e+04
2.198800000000000000e+04
9.216000000000000000e+03
2.154000000000000000e+04
3.716000000000000000e+04
4.220000000000000000e+03
4.227000000000000000e+04
4.521000000000000000e+03
7.558000000000000000e+03
2.331300000000000000e+04
3.983300000000000000e+04
1.272400000000000000e+04
1.439000000000000000e+04
4.978600000000000000e+04
3.950900000000000000e+04
2.943200000000000000e+04
9.202000000000000000e+03
2.825000000000000000e+04
3.022200000000000000e+04
4.447200000000000000e+04
9.175000000000000000e+03
3.551000000000000000e+04
4.543000000000000000e+04
4.295200000000000000e+04
3.387900000000000000e+04
4.319600000000000000e+04
4.430700000000000000e+04
4.661500000000000000e+04
4.934200000000000000e+04
4.225400000000000000e+04
1.524100000000000000e+04
3.698100000000000000e+04
2.563500000000000000e+04
3.324700000000000000e+04
2.781000000000000000e+03
3.745000000000000000e+03
2.196400000000000000e+04
1.212100000000000000e+04
3.726500000000000000e+04
4.021800000000000000e+04
2.926100000000000000e+04
2.069600000000000000e+04
4.775000000000000000e+04
3.515500000000000000e+04
2.424000000000000000e+03
2.009100000000000000e+04
1.710400000000000000e+04
1.033000000000000000e+04
1.340400000000000000e+04
3.196900000000000000e+04
1.008000000000000000e+04
2.892500000000000000e+04
1.576700000000000000e+04
9.700000000000000000e+03
3.309100000000000000e+04
3.967000000000000000e+04
1.021000000000000000e+04
4.856900000000000000e+04
2.184600000000000000e+04
4.608100000000000000e+04
1.751200000000000000e+04
5.849000000000000000e+03
8.765000000000000000e+03
3.255700000000000000e+04
3.421900000000000000e+04
1.079800000000000000e+04
3.775700000000000000e+04
4.386000000000000000e+04
2.119000000000000000e+03
1.216000000000000000e+04
1.556400000000000000e+04
6.358000000000000000e+03
1.263600000000000000e+04
1.405800000000000000e+04
2.996400000000000000e+04
4.133200000000000000e+04
3.084900000000000000e+04
4.804200000000000000e+04
1.736500000000000000e+04
3.638800000000000000e+04
3.731800000000000000e+04
1.683200000000000000e+04
2.281000000000000000e+04
2.724200000000000000e+04
4.914800000000000000e+04
3.699500000000000000e+04
1.628500000000000000e+04
3.028000000000000000e+03
1.914300000000000000e+04
3.505100000000000000e+04
2.587500000000000000e+04
4.200600000000000000e+04
3.078300000000000000e+04
1.659700000000000000e+04
3.890100000000000000e+04
4.081100000000000000e+04
3.804900000000000000e+04
1.801000000000000000e+04
3.382900000000000000e+04
1.593800000000000000e+04
3.356000000000000000e+03
3.001800000000000000e+04
1.834600000000000000e+04
1.825000000000000000e+03
3.616000000000000000e+03
3.008700000000000000e+04
2.759700000000000000e+04
2.985200000000000000e+04
1.947000000000000000e+04
1.534400000000000000e+04
4.980000000000000000e+03
1.034700000000000000e+04
4.580300000000000000e+04
1.225700000000000000e+04
2.890500000000000000e+04
4.036000000000000000e+03
3.340600000000000000e+04
1.100200000000000000e+04
8.603000000000000000e+03
3.814900000000000000e+04
3.844300000000000000e+04
1.781900000000000000e+04
1.501800000000000000e+04
1.763300000000000000e+04
2.573500000000000000e+04
6.588000000000000000e+03
4.988700000000000000e+04
1.059900000000000000e+04
3.578100000000000000e+04
1.161800000000000000e+04
3.882700000000000000e+04
9.860000000000000000e+02
5.804000000000000000e+03
3.116400000000000000e+04
2.516800000000000000e+04
3.244700000000000000e+04
1.121000000000000000e+03
4.732500000000000000e+04
3.259300000000000000e+04
2.331700000000000000e+04
1.395700000000000000e+04
3.601900000000000000e+04
1.232200000000000000e+04
1.887500000000000000e+04
3.497700000000000000e+04
3.072800000000000000e+04
1.258900000000000000e+04
2.100900000000000000e+04
1.163000000000000000e+03
2.310800000000000000e+04
1.382500000000000000e+04
2.801000000000000000e+03
3.419400000000000000e+04
3.530900000000000000e+04
4.075300000000000000e+04
2.829000000000000000e+04
1.665000000000000000e+03
4.683400000000000000e+04
4.568300000000000000e+04
4.609300000000000000e+04
8.610000000000000000e+02
2.609600000000000000e+04
2.415800000000000000e+04
2.469800000000000000e+04
3.688000000000000000e+03
5.600000000000000000e+03
1.753100000000000000e+04
1.615800000000000000e+04
4.303900000000000000e+04
1.490400000000000000e+04
3.073600000000000000e+04
4.919600000000000000e+04
1.011500000000000000e+04
2.553600000000000000e+04
4.769300000000000000e+04
3.112000000000000000e+03
3.921300000000000000e+04
3.046300000000000000e+04
1.983200000000000000e+04
4.513400000000000000e+04
3.242200000000000000e+04
9.465000000000000000e+03
3.644600000000000000e+04
3.301800000000000000e+04
1.040900000000000000e+04
3.712900000000000000e+04
4.006900000000000000e+04
2.222400000000000000e+04
1.571000000000000000e+04
5.886000000000000000e+03
4.055700000000000000e+04
3.423800000000000000e+04
3.106300000000000000e+04
1.684200000000000000e+04
3.891500000000000000e+04
4.739000000000000000e+03
4.289800000000000000e+04
4.366700000000000000e+04
4.626000000000000000e+04
3.964200000000000000e+04
4.214900000000000000e+04
3.589000000000000000e+04
3.544100000000000000e+04
4.378800000000000000e+04
2.279400000000000000e+04
4.060900000000000000e+04
4.682600000000000000e+04
6.586000000000000000e+03
3.942600000000000000e+04
8.714000000000000000e+03
4.539500000000000000e+04
2.284600000000000000e+04
6.971000000000000000e+03
2.938300000000000000e+04
2.368400000000000000e+04
2.768200000000000000e+04
1.651200000000000000e+04
1.466100000000000000e+04
2.989200000000000000e+04
4.876000000000000000e+03
2.577900000000000000e+04
2.442800000000000000e+04
2.940000000000000000e+03
4.913600000000000000e+04
3.914700000000000000e+04
2.985600000000000000e+04
4.811300000000000000e+04
2.144100000000000000e+04
2.112100000000000000e+04
9.033000000000000000e+03
1.599000000000000000e+04
1.518900000000000000e+04
4.204100000000000000e+04
6.316000000000000000e+03
3.932900000000000000e+04
4.153000000000000000e+03
2.527400000000000000e+04
1.230300000000000000e+04
1.702700000000000000e+04
4.481800000000000000e+04
4.742200000000000000e+04
1.357300000000000000e+04
2.135400000000000000e+04
3.748400000000000000e+04
4.752000000000000000e+04
4.965200000000000000e+04
3.216300000000000000e+04
3.831800000000000000e+04
3.469000000000000000e+03
2.782000000000000000e+03
4.672000000000000000e+04
3.699400000000000000e+04
4.863800000000000000e+04
4.559600000000000000e+04
4.255700000000000000e+04
2.115000000000000000e+04
2.063700000000000000e+04
3.808000000000000000e+04
2.015300000000000000e+04
4.738800000000000000e+04
3.349900000000000000e+04
2.676600000000000000e+04
2.577600000000000000e+04
2.570000000000000000e+03
4.520700000000000000e+04
2.195000000000000000e+04
2.909100000000000000e+04
3.972300000000000000e+04
4.650600000000000000e+04
2.231800000000000000e+04
5.520000000000000000e+02
3.406400000000000000e+04
1.785100000000000000e+04
4.550000000000000000e+02
5.713000000000000000e+03
2.860900000000000000e+04
3.489400000000000000e+04
5.415000000000000000e+03
2.568100000000000000e+04
1.346500000000000000e+04
3.295700000000000000e+04
7.277000000000000000e+03
1.177200000000000000e+04
4.027400000000000000e+04
1.510200000000000000e+04
1.547800000000000000e+04
4.474100000000000000e+04
4.349300000000000000e+04
6.632000000000000000e+03
2.694000000000000000e+03
3.466700000000000000e+04
1.907300000000000000e+04
2.495000000000000000e+03
1.744700000000000000e+04
2.697000000000000000e+03
2.444300000000000000e+04
3.500500000000000000e+04
4.556400000000000000e+04
3.275900000000000000e+04
2.909700000000000000e+04
4.291600000000000000e+04
1.801600000000000000e+04
1.115700000000000000e+04
1.881500000000000000e+04
1.419000000000000000e+03
1.227300000000000000e+04
4.870100000000000000e+04
1.515900000000000000e+04
3.147200000000000000e+04
1.292600000000000000e+04
4.890700000000000000e+04
4.006000000000000000e+03
3.142700000000000000e+04
4.990400000000000000e+04
3.733200000000000000e+04
1.018800000000000000e+04
4.967800000000000000e+04
3.486700000000000000e+04
4.146900000000000000e+04
3.353000000000000000e+03
3.489500000000000000e+04
3.610000000000000000e+04
2.741400000000000000e+04
9.267000000000000000e+03
4.300800000000000000e+04
3.799300000000000000e+04
1.732600000000000000e+04
2.829800000000000000e+04
4.304900000000000000e+04
2.867600000000000000e+04
4.770000000000000000e+03
2.259000000000000000e+04
4.545000000000000000e+04
2.202700000000000000e+04
1.071000000000000000e+04
9.154000000000000000e+03
4.880200000000000000e+04
4.296000000000000000e+04
3.895700000000000000e+04
4.310700000000000000e+04
3.761200000000000000e+04
6.451000000000000000e+03
4.809800000000000000e+04
1.641000000000000000e+03
3.371000000000000000e+03
4.204900000000000000e+04
4.784100000000000000e+04
4.733400000000000000e+04
4.140800000000000000e+04
3.270900000000000000e+04
4.037800000000000000e+04
3.553900000000000000e+04
1.075000000000000000e+04
2.426800000000000000e+04
2.801600000000000000e+04
2.789300000000000000e+04
9.677000000000000000e+03
1.821700000000000000e+04
3.772300000000000000e+04
1.683000000000000000e+03
4.731300000000000000e+04
1.041000000000000000e+03
3.160500000000000000e+04
2.031300000000000000e+04
3.839500000000000000e+04
2.915600000000000000e+04
4.362000000000000000e+03
3.947000000000000000e+03
4.175500000000000000e+04
2.799300000000000000e+04
3.800700000000000000e+04
3.796800000000000000e+04
3.130200000000000000e+04
4.589000000000000000e+04
1.710000000000000000e+03
4.097300000000000000e+04
2.549000000000000000e+04
2.593400000000000000e+04
4.661300000000000000e+04
3.463800000000000000e+04
4.545100000000000000e+04
3.897000000000000000e+04
1.625300000000000000e+04
3.868700000000000000e+04
4.205100000000000000e+04
4.273000000000000000e+04
1.191500000000000000e+04
4.468500000000000000e+04
2.711000000000000000e+04
2.157400000000000000e+04
9.044000000000000000e+03
2.464600000000000000e+04
4.574000000000000000e+04
3.514100000000000000e+04
2.166700000000000000e+04
2.754000000000000000e+04
2.030500000000000000e+04
1.304700000000000000e+04
2.266100000000000000e+04
3.979000000000000000e+04
3.053900000000000000e+04
2.950800000000000000e+04
2.287700000000000000e+04
8.173000000000000000e+03
3.907000000000000000e+03
3.688900000000000000e+04
4.112400000000000000e+04
4.979900000000000000e+04
4.669900000000000000e+04
2.262700000000000000e+04
4.394200000000000000e+04
4.518700000000000000e+04
3.765600000000000000e+04
1.684400000000000000e+04
8.805000000000000000e+03
3.912600000000000000e+04
4.655800000000000000e+04
3.792100000000000000e+04
1.214500000000000000e+04
1.478400000000000000e+04
2.699000000000000000e+03
9.948000000000000000e+03
5.270000000000000000e+02
1.139100000000000000e+04
5.994000000000000000e+03
1.966000000000000000e+03
1.227000000000000000e+04
6.823000000000000000e+03
4.544900000000000000e+04
2.471400000000000000e+04
7.681000000000000000e+03
2.192400000000000000e+04
1.790000000000000000e+03
9.390000000000000000e+02
2.265700000000000000e+04
6.267000000000000000e+03
1.780500000000000000e+04
3.303000000000000000e+03
8.176000000000000000e+03
4.596600000000000000e+04
6.102000000000000000e+03
3.825900000000000000e+04
2.819000000000000000e+04
1.300000000000000000e+04
3.482600000000000000e+04
3.519900000000000000e+04
1.001400000000000000e+04
4.179100000000000000e+04
3.964300000000000000e+04
3.958000000000000000e+03
8.354000000000000000e+03
1.373000000000000000e+03
3.829200000000000000e+04
2.226400000000000000e+04
4.087200000000000000e+04
1.479100000000000000e+04
3.459700000000000000e+04
2.232900000000000000e+04
2.398900000000000000e+04
3.235900000000000000e+04
4.514000000000000000e+03
2.049300000000000000e+04
1.649400000000000000e+04
2.767600000000000000e+04
4.544300000000000000e+04
3.155500000000000000e+04
4.523400000000000000e+04
3.049700000000000000e+04
2.398200000000000000e+04
7.700000000000000000e+01
2.647200000000000000e+04
2.450300000000000000e+04
2.744300000000000000e+04
1.022300000000000000e+04
3.860000000000000000e+04
2.369200000000000000e+04
4.949600000000000000e+04
4.416100000000000000e+04
3.398300000000000000e+04
3.444000000000000000e+04
7.808000000000000000e+03
3.714300000000000000e+04
4.071900000000000000e+04
3.574900000000000000e+04
3.918300000000000000e+04
1.281100000000000000e+04
3.018400000000000000e+04
3.594600000000000000e+04
1.164200000000000000e+04
2.770300000000000000e+04
3.981200000000000000e+04
4.409300000000000000e+04
6.182000000000000000e+03
3.987800000000000000e+04
4.877000000000000000e+03
1.777900000000000000e+04
3.018200000000000000e+04
1.935800000000000000e+04
4.834100000000000000e+04
4.454900000000000000e+04
3.729200000000000000e+04
2.767200000000000000e+04
3.607800000000000000e+04
7.152000000000000000e+03
4.997200000000000000e+04
7.961000000000000000e+03
4.084800000000000000e+04
2.674000000000000000e+03
1.497800000000000000e+04
2.295000000000000000e+03
1.621000000000000000e+03
3.843200000000000000e+04
1.465100000000000000e+04
1.318300000000000000e+04
3.247500000000000000e+04
3.363600000000000000e+04
5.823000000000000000e+03
3.856300000000000000e+04
4.164600000000000000e+04
1.141300000000000000e+04
1.051300000000000000e+04
1.546500000000000000e+04
1.725200000000000000e+04
3.824400000000000000e+04
2.591800000000000000e+04
2.002800000000000000e+04
1.986300000000000000e+04
3.757700000000000000e+04
4.752700000000000000e+04
4.787000000000000000e+04
3.244800000000000000e+04
2.422000000000000000e+03
3.348800000000000000e+04
2.227900000000000000e+04
2.059700000000000000e+04
1.855900000000000000e+04
4.941000000000000000e+04
1.921900000000000000e+04
1.758600000000000000e+04
1.155600000000000000e+04
3.264600000000000000e+04
3.410100000000000000e+04
4.822800000000000000e+04
1.388600000000000000e+04
2.709000000000000000e+03
1.396500000000000000e+04
2.113400000000000000e+04
4.738100000000000000e+04
3.674400000000000000e+04
2.895300000000000000e+04
1.880500000000000000e+04
2.829700000000000000e+04
2.581600000000000000e+04
3.448100000000000000e+04
9.223000000000000000e+03
6.095000000000000000e+03
1.394000000000000000e+04
2.508000000000000000e+03
3.697800000000000000e+04
5.320000000000000000e+03
1.393200000000000000e+04
3.004100000000000000e+04
3.132400000000000000e+04
4.957900000000000000e+04
1.614700000000000000e+04
4.653800000000000000e+04
3.602800000000000000e+04
4.870000000000000000e+02
3.204400000000000000e+04
2.573000000000000000e+03
4.163800000000000000e+04
6.140000000000000000e+03
1.015900000000000000e+04
2.111000000000000000e+03
3.142300000000000000e+04
2.132900000000000000e+04
6.845000000000000000e+03
3.431000000000000000e+04
9.173000000000000000e+03
2.781800000000000000e+04
3.339300000000000000e+04
4.653500000000000000e+04
4.423300000000000000e+04
4.852400000000000000e+04
9.914000000000000000e+03
1.480200000000000000e+04
2.329900000000000000e+04
2.319800000000000000e+04
3.723000000000000000e+03
1.204400000000000000e+04
1.992000000000000000e+04
4.379400000000000000e+04
1.609400000000000000e+04
4.063800000000000000e+04
1.342100000000000000e+04
1.191700000000000000e+04
2.854300000000000000e+04
3.637000000000000000e+03
3.712700000000000000e+04
1.149400000000000000e+04
2.653800000000000000e+04
2.369100000000000000e+04
2.020600000000000000e+04
3.608000000000000000e+03
3.103800000000000000e+04
1.764500000000000000e+04
4.628000000000000000e+04
5.127000000000000000e+03
4.917500000000000000e+04
3.325900000000000000e+04
4.597300000000000000e+04
3.076000000000000000e+03
3.918000000000000000e+04
3.077700000000000000e+04
4.490000000000000000e+02
2.437300000000000000e+04
4.369400000000000000e+04
1.465400000000000000e+04
2.236100000000000000e+04
2.854500000000000000e+04
4.069800000000000000e+04
2.568000000000000000e+04
2.243600000000000000e+04
3.357600000000000000e+04
6.570000000000000000e+03
4.944100000000000000e+04
3.960300000000000000e+04
1.605800000000000000e+04
4.415700000000000000e+04
2.325100000000000000e+04
5.663000000000000000e+03
4.873500000000000000e+04
2.902700000000000000e+04
3.261300000000000000e+04
3.567100000000000000e+04
2.152000000000000000e+03
4.126800000000000000e+04
9.636000000000000000e+03
4.821900000000000000e+04
1.498000000000000000e+04
3.452900000000000000e+04
1.465600000000000000e+04
1.693000000000000000e+04
3.733000000000000000e+03
4.431200000000000000e+04
2.948100000000000000e+04
3.401500000000000000e+04
1.513800000000000000e+04
3.432800000000000000e+04
4.171700000000000000e+04
1.600100000000000000e+04
2.411100000000000000e+04
3.710600000000000000e+04
3.036300000000000000e+04
3.082000000000000000e+04
2.723200000000000000e+04
1.056100000000000000e+04
1.661000000000000000e+03
3.905200000000000000e+04
4.866000000000000000e+03
6.285000000000000000e+03
2.762000000000000000e+04
9.275000000000000000e+03
4.086200000000000000e+04
2.524900000000000000e+04
4.745600000000000000e+04
2.361800000000000000e+04
5.640000000000000000e+03
4.804600000000000000e+04
3.595000000000000000e+03
4.232100000000000000e+04
5.973000000000000000e+03
4.081600000000000000e+04
3.712500000000000000e+04
2.976400000000000000e+04
1.182200000000000000e+04
3.445000000000000000e+04
2.780300000000000000e+04
1.645000000000000000e+04
2.012300000000000000e+04
3.279300000000000000e+04
8.522000000000000000e+03
3.393300000000000000e+04
3.392500000000000000e+04
2.113700000000000000e+04
3.879900000000000000e+04
3.475200000000000000e+04
1.314200000000000000e+04
2.299700000000000000e+04
4.559400000000000000e+04
1.162700000000000000e+04
2.615600000000000000e+04
2.280800000000000000e+04
1.313500000000000000e+04
4.314200000000000000e+04
6.084000000000000000e+03
4.855700000000000000e+04
1.622800000000000000e+04
4.240300000000000000e+04
2.567400000000000000e+04
3.369900000000000000e+04
2.789900000000000000e+04
2.259500000000000000e+04
4.870400000000000000e+04
1.637500000000000000e+04
3.470000000000000000e+04
1.440800000000000000e+04
3.244000000000000000e+04
6.631000000000000000e+03
3.257500000000000000e+04
1.345200000000000000e+04
1.464200000000000000e+04
4.892000000000000000e+04
1.354900000000000000e+04
7.653000000000000000e+03
2.588800000000000000e+04
3.995800000000000000e+04
3.570200000000000000e+04
4.779400000000000000e+04
8.705000000000000000e+03
1.094000000000000000e+03
1.068500000000000000e+04
5.536000000000000000e+03
2.849000000000000000e+03
4.480400000000000000e+04
4.264000000000000000e+04
2.585900000000000000e+04
9.951000000000000000e+03
3.515200000000000000e+04
2.499500000000000000e+04
1.835600000000000000e+04
9.674000000000000000e+03
3.225800000000000000e+04
1.797100000000000000e+04
7.898000000000000000e+03
4.713600000000000000e+04
3.828000000000000000e+03
1.564000000000000000e+04
2.753300000000000000e+04
3.021700000000000000e+04
4.696600000000000000e+04
4.272800000000000000e+04
4.051400000000000000e+04
3.860300000000000000e+04
1.437000000000000000e+04
2.536300000000000000e+04
1.261900000000000000e+04
1.841100000000000000e+04
4.781800000000000000e+04
1.855500000000000000e+04
1.198400000000000000e+04
1.596800000000000000e+04
3.937800000000000000e+04
1.501000000000000000e+03
2.918100000000000000e+04
4.119200000000000000e+04
3.570900000000000000e+04
1.279600000000000000e+04
3.033700000000000000e+04
2.454900000000000000e+04
4.514500000000000000e+04
3.360100000000000000e+04
1.139800000000000000e+04
3.486200000000000000e+04
5.312000000000000000e+03
4.483700000000000000e+04
1.324000000000000000e+03
4.502900000000000000e+04
2.221700000000000000e+04
4.026300000000000000e+04
3.708900000000000000e+04
2.138100000000000000e+04
2.529600000000000000e+04
1.912200000000000000e+04
2.776900000000000000e+04
4.401400000000000000e+04
1.357000000000000000e+04
3.928700000000000000e+04
1.162300000000000000e+04
4.552500000000000000e+04
2.457900000000000000e+04
1.215500000000000000e+04
2.948200000000000000e+04
6.017000000000000000e+03
1.681000000000000000e+03
2.390500000000000000e+04
2.239200000000000000e+04
1.045900000000000000e+04
4.289000000000000000e+03
1.415300000000000000e+04
2.870200000000000000e+04
3.989100000000000000e+04
4.892100000000000000e+04
1.663600000000000000e+04
3.707000000000000000e+04
1.063000000000000000e+04
4.341200000000000000e+04
7.670000000000000000e+03
2.699000000000000000e+04
3.080500000000000000e+04
3.452700000000000000e+04
3.493300000000000000e+04
6.160000000000000000e+03
2.679100000000000000e+04
3.469400000000000000e+04
9.999000000000000000e+03
1.636100000000000000e+04
4.348700000000000000e+04
2.075800000000000000e+04
9.370000000000000000e+02
4.495400000000000000e+04
6.610000000000000000e+03
3.303100000000000000e+04
4.353100000000000000e+04
3.299600000000000000e+04
2.385000000000000000e+03
3.043300000000000000e+04
4.095300000000000000e+04
3.179700000000000000e+04
8.253000000000000000e+03
1.070200000000000000e+04
1.223500000000000000e+04
2.846600000000000000e+04
2.598000000000000000e+03
4.248000000000000000e+03
5.883000000000000000e+03
4.929400000000000000e+04
3.273500000000000000e+04
1.788500000000000000e+04
2.483800000000000000e+04
2.608300000000000000e+04
3.557700000000000000e+04
2.111300000000000000e+04
4.533600000000000000e+04
1.959600000000000000e+04
1.965900000000000000e+04
2.421000000000000000e+03
4.057600000000000000e+04
2.239500000000000000e+04
4.203300000000000000e+04
4.842000000000000000e+04
2.742700000000000000e+04
1.344900000000000000e+04
6.502000000000000000e+03
3.644700000000000000e+04
6.962000000000000000e+03
4.968000000000000000e+03
2.422900000000000000e+04
1.474900000000000000e+04
1.778100000000000000e+04
2.017400000000000000e+04
1.678300000000000000e+04
2.730100000000000000e+04
1.024300000000000000e+04
4.486000000000000000e+04
4.868800000000000000e+04
1.211700000000000000e+04
2.440000000000000000e+02
1.319800000000000000e+04
1.501400000000000000e+04
1.500600000000000000e+04
7.806000000000000000e+03
1.042800000000000000e+04
4.174600000000000000e+04
3.104300000000000000e+04
1.603500000000000000e+04
2.644900000000000000e+04
2.767000000000000000e+04
4.669300000000000000e+04
2.672100000000000000e+04
4.165800000000000000e+04
2.561100000000000000e+04
3.243800000000000000e+04
1.666100000000000000e+04
1.859600000000000000e+04
1.018600000000000000e+04
4.029700000000000000e+04
1.800400000000000000e+04
2.766800000000000000e+04
4.900000000000000000e+03
2.496800000000000000e+04
9.745000000000000000e+03
3.082400000000000000e+04
2.260600000000000000e+04
4.259000000000000000e+03
3.327000000000000000e+03
9.870000000000000000e+02
3.375200000000000000e+04
3.485100000000000000e+04
8.721000000000000000e+03
3.931500000000000000e+04
3.642000000000000000e+04
3.531800000000000000e+04
3.612100000000000000e+04
4.435900000000000000e+04
3.858800000000000000e+04
4.598900000000000000e+04
1.921300000000000000e+04
2.625200000000000000e+04
1.331500000000000000e+04
1.970400000000000000e+04
6.815000000000000000e+03
4.595800000000000000e+04
3.969000000000000000e+04
4.978100000000000000e+04
2.942500000000000000e+04
3.188900000000000000e+04
4.576900000000000000e+04
2.775900000000000000e+04
4.973300000000000000e+04
2.654600000000000000e+04
2.578800000000000000e+04
1.404500000000000000e+04
1.651300000000000000e+04
8.888000000000000000e+03
1.424800000000000000e+04
1.901000000000000000e+03
9.424000000000000000e+03
3.412100000000000000e+04
4.180900000000000000e+04
7.660000000000000000e+02
3.518400000000000000e+04
4.969900000000000000e+04
1.336000000000000000e+04
1.574700000000000000e+04
1.527100000000000000e+04
4.622500000000000000e+04
3.961100000000000000e+04
4.938900000000000000e+04
3.352800000000000000e+04
1.074900000000000000e+04
7.684000000000000000e+03
1.685900000000000000e+04
1.636600000000000000e+04
4.873000000000000000e+03
4.234000000000000000e+03
2.896300000000000000e+04
3.005300000000000000e+04
9.536000000000000000e+03
3.346800000000000000e+04
2.275900000000000000e+04
2.679500000000000000e+04
1.978300000000000000e+04
3.892200000000000000e+04
3.096300000000000000e+04
2.251000000000000000e+04
2.926800000000000000e+04
4.983100000000000000e+04
4.298800000000000000e+04
3.708300000000000000e+04
1.573800000000000000e+04
1.173800000000000000e+04
4.286300000000000000e+04
4.486400000000000000e+04
3.009000000000000000e+04
2.171900000000000000e+04
1.905500000000000000e+04
7.820000000000000000e+02
3.165600000000000000e+04
4.564600000000000000e+04
2.305300000000000000e+04
1.945000000000000000e+04
2.929000000000000000e+04
4.786500000000000000e+04
1.758100000000000000e+04
1.635200000000000000e+04
3.668000000000000000e+04
2.230500000000000000e+04
2.970200000000000000e+04
1.234600000000000000e+04
3.550200000000000000e+04
2.616100000000000000e+04
4.413400000000000000e+04
4.709300000000000000e+04
4.333100000000000000e+04
5.858000000000000000e+03
7.760000000000000000e+03
7.977000000000000000e+03
2.372800000000000000e+04
2.579600000000000000e+04
2.526400000000000000e+04
3.396100000000000000e+04
3.900500000000000000e+04
6.692000000000000000e+03
3.628200000000000000e+04
1.069100000000000000e+04
2.839900000000000000e+04
2.690700000000000000e+04
1.488800000000000000e+04
4.274400000000000000e+04
3.000000000000000000e+00
2.016600000000000000e+04
3.035900000000000000e+04
4.154400000000000000e+04
2.253400000000000000e+04
2.703700000000000000e+04
4.818000000000000000e+03
1.480100000000000000e+04
3.285600000000000000e+04
2.767100000000000000e+04
2.299000000000000000e+03
3.402900000000000000e+04
3.678200000000000000e+04
2.954100000000000000e+04
4.466800000000000000e+04
2.318300000000000000e+04
4.817700000000000000e+04
2.833200000000000000e+04
1.875500000000000000e+04
4.952800000000000000e+04
1.186000000000000000e+04
2.437900000000000000e+04
7.551000000000000000e+03
1.151400000000000000e+04
3.513200000000000000e+04
4.828900000000000000e+04
4.454500000000000000e+04
2.436500000000000000e+04
3.579800000000000000e+04
6.723000000000000000e+03
1.678400000000000000e+04
8.965000000000000000e+03
2.540000000000000000e+03
3.284400000000000000e+04
3.995200000000000000e+04
2.719000000000000000e+03
4.615200000000000000e+04
3.925700000000000000e+04
4.212500000000000000e+04
4.986900000000000000e+04
2.413300000000000000e+04
4.209300000000000000e+04
4.336900000000000000e+04
3.413000000000000000e+03
6.430000000000000000e+02
2.316400000000000000e+04
4.273800000000000000e+04
2.447400000000000000e+04
4.413800000000000000e+04
4.442200000000000000e+04
3.940000000000000000e+03
6.513000000000000000e+03
2.649200000000000000e+04
2.892900000000000000e+04
7.889000000000000000e+03
8.364000000000000000e+03
3.287400000000000000e+04
9.129000000000000000e+03
2.171000000000000000e+03
2.784800000000000000e+04
3.009100000000000000e+04
5.397000000000000000e+03
6.497000000000000000e+03
2.172000000000000000e+04
2.109300000000000000e+04
1.642200000000000000e+04
3.595800000000000000e+04
2.990400000000000000e+04
3.731600000000000000e+04
4.652300000000000000e+04
1.642900000000000000e+04
3.742000000000000000e+03
2.789000000000000000e+04
3.703400000000000000e+04
4.756300000000000000e+04
1.987800000000000000e+04
4.390000000000000000e+03
3.703900000000000000e+04
9.474000000000000000e+03
1.078000000000000000e+04
1.267900000000000000e+04
2.217400000000000000e+04
4.753700000000000000e+04
3.078900000000000000e+04
2.330700000000000000e+04
1.645000000000000000e+03
2.441900000000000000e+04
2.494400000000000000e+04
3.230400000000000000e+04
1.475000000000000000e+04
3.869000000000000000e+03
4.515000000000000000e+03
3.682000000000000000e+04
1.583000000000000000e+03
4.900300000000000000e+04
1.468000000000000000e+03
1.027900000000000000e+04
4.880300000000000000e+04
1.814600000000000000e+04
4.241000000000000000e+04
3.098200000000000000e+04
7.460000000000000000e+03
4.828100000000000000e+04
3.027000000000000000e+04
4.183900000000000000e+04
1.464900000000000000e+04
4.801400000000000000e+04
3.688400000000000000e+04
2.478900000000000000e+04
2.923100000000000000e+04
4.048000000000000000e+03
2.513600000000000000e+04
2.254100000000000000e+04
2.197400000000000000e+04
4.724800000000000000e+04
3.709500000000000000e+04
2.166900000000000000e+04
2.904800000000000000e+04
4.428800000000000000e+04
1.222600000000000000e+04
1.966700000000000000e+04
1.518800000000000000e+04
4.691300000000000000e+04
2.469900000000000000e+04
4.570800000000000000e+04
1.147500000000000000e+04
2.861800000000000000e+04
2.303800000000000000e+04
4.975600000000000000e+04
1.356700000000000000e+04
1.159000000000000000e+03
3.589700000000000000e+04
1.221600000000000000e+04
3.159100000000000000e+04
3.987400000000000000e+04
4.186600000000000000e+04
1.681900000000000000e+04
1.472000000000000000e+03
4.451100000000000000e+04
2.445800000000000000e+04
5.647000000000000000e+03
1.649700000000000000e+04
1.974300000000000000e+04
6.844000000000000000e+03
2.612400000000000000e+04
2.637100000000000000e+04
9.383000000000000000e+03
4.083300000000000000e+04
6.286000000000000000e+03
3.345000000000000000e+03
2.502200000000000000e+04
2.665700000000000000e+04
2.211200000000000000e+04
3.476000000000000000e+03
2.999900000000000000e+04
1.022000000000000000e+03
1.730800000000000000e+04
4.876500000000000000e+04
1.015600000000000000e+04
1.417800000000000000e+04
4.313000000000000000e+03
3.978100000000000000e+04
5.946000000000000000e+03
1.343600000000000000e+04
2.960200000000000000e+04
4.203200000000000000e+04
4.600000000000000000e+04
3.104900000000000000e+04
3.553300000000000000e+04
1.804900000000000000e+04
2.485300000000000000e+04
2.795400000000000000e+04
4.902800000000000000e+04
3.095900000000000000e+04
4.474900000000000000e+04
1.537100000000000000e+04
1.819000000000000000e+04
7.300000000000000000e+01
9.719000000000000000e+03
2.695800000000000000e+04
9.601000000000000000e+03
3.619100000000000000e+04
4.160900000000000000e+04
6.200000000000000000e+03
3.432700000000000000e+04
4.512200000000000000e+04
6.543000000000000000e+03
1.054200000000000000e+04
4.965300000000000000e+04
2.177500000000000000e+04
1.939600000000000000e+04
1.797500000000000000e+04
4.675700000000000000e+04
2.005000000000000000e+03
2.950200000000000000e+04
8.177000000000000000e+03
1.959300000000000000e+04
2.564200000000000000e+04
1.514200000000000000e+04
4.538400000000000000e+04
3.425800000000000000e+04
3.161800000000000000e+04
4.389900000000000000e+04
1.708000000000000000e+04
3.648800000000000000e+04
5.521000000000000000e+03
3.368600000000000000e+04
1.810300000000000000e+04
2.983000000000000000e+03
7.457000000000000000e+03
3.753300000000000000e+04
2.586200000000000000e+04
1.431400000000000000e+04
9.326000000000000000e+03
3.902100000000000000e+04
1.043300000000000000e+04
4.040000000000000000e+03
9.908000000000000000e+03
9.068000000000000000e+03
1.771100000000000000e+04
1.994900000000000000e+04
4.531200000000000000e+04
2.809400000000000000e+04
4.112500000000000000e+04
3.528800000000000000e+04
1.595200000000000000e+04
1.336900000000000000e+04
3.978600000000000000e+04
3.345200000000000000e+04
2.181300000000000000e+04
3.640600000000000000e+04
6.640000000000000000e+02
3.321300000000000000e+04
2.454600000000000000e+04
4.137600000000000000e+04
3.173400000000000000e+04
1.850000000000000000e+04
1.992600000000000000e+04
6.011000000000000000e+03
5.376000000000000000e+03
3.207000000000000000e+03
2.041800000000000000e+04
3.555800000000000000e+04
2.335000000000000000e+04
4.526000000000000000e+04
4.240800000000000000e+04
4.972600000000000000e+04
2.456300000000000000e+04
3.577400000000000000e+04
2.323100000000000000e+04
1.096300000000000000e+04
1.896000000000000000e+03
2.640000000000000000e+04
3.513000000000000000e+04
9.155000000000000000e+03
1.758000000000000000e+03
4.150600000000000000e+04
7.641000000000000000e+03
1.115900000000000000e+04
4.297600000000000000e+04
1.444300000000000000e+04
4.491800000000000000e+04
1.589300000000000000e+04
1.767200000000000000e+04
3.904100000000000000e+04
4.527400000000000000e+04
3.510300000000000000e+04
4.392300000000000000e+04
2.998000000000000000e+03
2.089200000000000000e+04
2.141000000000000000e+04
3.425600000000000000e+04
2.088300000000000000e+04
2.416600000000000000e+04
1.950400000000000000e+04
3.127100000000000000e+04
1.619900000000000000e+04
3.312400000000000000e+04
4.824000000000000000e+04
4.172600000000000000e+04
3.582300000000000000e+04
3.237700000000000000e+04
3.777800000000000000e+04
2.212600000000000000e+04
1.975000000000000000e+03
2.756600000000000000e+04
4.188700000000000000e+04
4.955900000000000000e+04
3.897500000000000000e+04
1.155000000000000000e+04
2.170500000000000000e+04
4.208200000000000000e+04
2.506400000000000000e+04
2.682700000000000000e+04
3.275000000000000000e+03
2.451900000000000000e+04
1.168300000000000000e+04
4.400400000000000000e+04
1.177900000000000000e+04
3.878200000000000000e+04
4.629300000000000000e+04
6.120000000000000000e+03
6.627000000000000000e+03
3.936400000000000000e+04
2.129400000000000000e+04
4.813600000000000000e+04
3.468600000000000000e+04
3.387300000000000000e+04
2.154800000000000000e+04
3.081500000000000000e+04
7.971000000000000000e+03
1.554400000000000000e+04
1.538500000000000000e+04
1.752600000000000000e+04
2.451600000000000000e+04
1.160900000000000000e+04
2.255500000000000000e+04
7.840000000000000000e+03
1.844000000000000000e+04
3.555500000000000000e+04
4.954300000000000000e+04
3.627000000000000000e+04
3.289400000000000000e+04
3.520000000000000000e+03
9.209000000000000000e+03
4.602000000000000000e+04
3.486500000000000000e+04
1.741900000000000000e+04
2.490600000000000000e+04
4.178300000000000000e+04
1.961000000000000000e+04
1.333000000000000000e+04
3.994800000000000000e+04
3.824500000000000000e+04
1.489500000000000000e+04
4.226700000000000000e+04
1.859800000000000000e+04
2.732900000000000000e+04
3.919700000000000000e+04
4.023000000000000000e+04
4.799600000000000000e+04
3.446200000000000000e+04
3.119900000000000000e+04
1.098000000000000000e+04
4.144600000000000000e+04
2.626800000000000000e+04
4.750000000000000000e+04
3.393800000000000000e+04
2.941000000000000000e+04
9.773000000000000000e+03
3.938300000000000000e+04
1.304100000000000000e+04
3.328700000000000000e+04
3.338300000000000000e+04
5.457000000000000000e+03
1.315600000000000000e+04
4.336700000000000000e+04
4.554700000000000000e+04
4.966600000000000000e+04
2.641700000000000000e+04
3.228400000000000000e+04
1.091100000000000000e+04
4.834600000000000000e+04
2.016700000000000000e+04
5.253000000000000000e+03
2.122000000000000000e+03
8.568000000000000000e+03
2.531300000000000000e+04
1.578600000000000000e+04
4.405000000000000000e+04
3.314200000000000000e+04
3.896300000000000000e+04
1.390900000000000000e+04
3.808800000000000000e+04
1.541800000000000000e+04
3.184700000000000000e+04
4.658700000000000000e+04
2.454700000000000000e+04
9.494000000000000000e+03
4.844500000000000000e+04
3.430100000000000000e+04
4.663700000000000000e+04
4.820500000000000000e+04
2.967600000000000000e+04
2.163000000000000000e+03
3.788500000000000000e+04
3.027100000000000000e+04
1.105300000000000000e+04
4.565500000000000000e+04
3.382700000000000000e+04
4.245200000000000000e+04
3.714200000000000000e+04
4.076300000000000000e+04
4.983600000000000000e+04
2.353500000000000000e+04
7.912000000000000000e+03
2.643200000000000000e+04
3.388600000000000000e+04
3.886200000000000000e+04
2.889000000000000000e+04
8.551000000000000000e+03
2.931000000000000000e+03
3.309600000000000000e+04
2.431200000000000000e+04
1.948000000000000000e+03
3.090000000000000000e+03
2.007000000000000000e+03
2.204900000000000000e+04
2.855800000000000000e+04
7.319000000000000000e+03
2.617300000000000000e+04
4.850900000000000000e+04
2.216000000000000000e+03
9.888000000000000000e+03
1.338700000000000000e+04
4.863000000000000000e+04
1.013100000000000000e+04
2.066000000000000000e+03
1.481700000000000000e+04
4.349000000000000000e+04
5.142000000000000000e+03
1.984500000000000000e+04
3.046000000000000000e+04
4.068100000000000000e+04
4.541400000000000000e+04
1.378200000000000000e+04
1.860300000000000000e+04
2.181600000000000000e+04
2.511700000000000000e+04
1.816700000000000000e+04
4.034700000000000000e+04
3.262200000000000000e+04
3.897100000000000000e+04
2.613800000000000000e+04
3.625000000000000000e+03
2.890900000000000000e+04
4.184500000000000000e+04
8.289000000000000000e+03
4.805000000000000000e+04
2.069900000000000000e+04
3.399600000000000000e+04
2.816500000000000000e+04
4.892900000000000000e+04
3.361800000000000000e+04
6.397000000000000000e+03
2.221200000000000000e+04
1.208200000000000000e+04
1.577000000000000000e+04
3.303200000000000000e+04
2.647900000000000000e+04
3.324400000000000000e+04
1.128600000000000000e+04
1.770000000000000000e+04
1.320600000000000000e+04
4.799200000000000000e+04
2.746500000000000000e+04
1.927200000000000000e+04
1.124500000000000000e+04
1.684100000000000000e+04
3.440500000000000000e+04
4.211200000000000000e+04
3.988600000000000000e+04
3.405900000000000000e+04
1.168600000000000000e+04
3.444800000000000000e+04
3.216400000000000000e+04
1.283800000000000000e+04
1.010400000000000000e+04
3.890800000000000000e+04
1.051700000000000000e+04
3.312100000000000000e+04
4.501800000000000000e+04
2.086500000000000000e+04
2.812900000000000000e+04
2.264300000000000000e+04
3.818600000000000000e+04
4.810900000000000000e+04
1.790800000000000000e+04
3.338900000000000000e+04
2.363800000000000000e+04
1.549200000000000000e+04
3.180800000000000000e+04
4.843000000000000000e+04
1.497700000000000000e+04
2.927000000000000000e+04
4.704700000000000000e+04
4.064700000000000000e+04
2.846000000000000000e+04
4.144500000000000000e+04
2.757000000000000000e+03
4.160300000000000000e+04
4.969000000000000000e+03
4.845000000000000000e+03
3.938900000000000000e+04
4.120800000000000000e+04
2.879900000000000000e+04
3.056300000000000000e+04
3.560800000000000000e+04
2.140000000000000000e+03
5.924000000000000000e+03
2.626100000000000000e+04
1.895300000000000000e+04
6.492000000000000000e+03
4.498800000000000000e+04
7.349000000000000000e+03
2.157000000000000000e+03
3.322000000000000000e+03
1.640200000000000000e+04
3.294200000000000000e+04
2.735500000000000000e+04
2.738000000000000000e+03
1.168400000000000000e+04
4.904900000000000000e+04
9.229000000000000000e+03
1.918100000000000000e+04
4.878000000000000000e+03
3.643600000000000000e+04
9.456000000000000000e+03
2.607400000000000000e+04
2.550000000000000000e+04
1.685700000000000000e+04
1.293200000000000000e+04
1.902100000000000000e+04
4.991900000000000000e+04
3.643200000000000000e+04
1.994300000000000000e+04
1.669000000000000000e+04
2.963800000000000000e+04
3.487600000000000000e+04
1.141400000000000000e+04
4.634700000000000000e+04
4.048000000000000000e+04
1.105600000000000000e+04
4.580600000000000000e+04
2.092400000000000000e+04
2.539600000000000000e+04
4.222300000000000000e+04
2.050600000000000000e+04
2.104000000000000000e+03
1.409000000000000000e+04
8.060000000000000000e+02
1.827600000000000000e+04
7.757000000000000000e+03
7.411000000000000000e+03
2.755500000000000000e+04
4.243300000000000000e+04
4.607400000000000000e+04
2.848500000000000000e+04
1.807000000000000000e+04
1.356300000000000000e+04
1.692800000000000000e+04
1.628100000000000000e+04
4.125000000000000000e+04
2.041500000000000000e+04
4.952600000000000000e+04
4.843300000000000000e+04
3.067500000000000000e+04
1.124400000000000000e+04
5.104000000000000000e+03
4.891800000000000000e+04
4.651800000000000000e+04
3.951000000000000000e+04
4.543000000000000000e+03
2.072800000000000000e+04
1.277100000000000000e+04
8.489000000000000000e+03
1.981900000000000000e+04
2.559800000000000000e+04
3.624100000000000000e+04
3.241500000000000000e+04
2.186400000000000000e+04
1.781000000000000000e+03
2.898100000000000000e+04
1.088100000000000000e+04
3.537600000000000000e+04
3.005200000000000000e+04
2.762500000000000000e+04
4.252000000000000000e+04
1.211200000000000000e+04
3.399000000000000000e+03
4.337500000000000000e+04
7.126000000000000000e+03
4.115700000000000000e+04
3.875800000000000000e+04
4.699300000000000000e+04
4.323400000000000000e+04
4.585800000000000000e+04
3.524300000000000000e+04
4.287600000000000000e+04
4.697200000000000000e+04
1.766600000000000000e+04
2.064600000000000000e+04
3.402500000000000000e+04
3.121100000000000000e+04
4.468600000000000000e+04
7.915000000000000000e+03
2.944100000000000000e+04
1.251900000000000000e+04
4.992500000000000000e+04
2.271700000000000000e+04
3.155400000000000000e+04
3.021000000000000000e+04
2.533800000000000000e+04
3.232200000000000000e+04
4.040300000000000000e+04
3.412800000000000000e+04
7.955000000000000000e+03
9.789000000000000000e+03
2.082200000000000000e+04
3.163200000000000000e+04
4.941100000000000000e+04
3.413000000000000000e+04
2.543800000000000000e+04
2.743300000000000000e+04
4.757400000000000000e+04
2.218800000000000000e+04
4.567000000000000000e+04
4.591400000000000000e+04
3.709000000000000000e+03
2.476000000000000000e+04
1.136000000000000000e+04
2.761500000000000000e+04
4.296700000000000000e+04
7.615000000000000000e+03
8.900000000000000000e+03
3.813000000000000000e+03
2.131500000000000000e+04
2.648000000000000000e+03
4.249800000000000000e+04
3.238200000000000000e+04
6.238000000000000000e+03
1.010600000000000000e+04
2.364900000000000000e+04
1.122100000000000000e+04
8.544000000000000000e+03
8.650000000000000000e+03
1.355700000000000000e+04
1.621900000000000000e+04
1.343300000000000000e+04
4.683700000000000000e+04
3.720000000000000000e+03
7.693000000000000000e+03
3.149000000000000000e+04
3.737400000000000000e+04
2.985300000000000000e+04
9.265000000000000000e+03
2.275100000000000000e+04
2.365700000000000000e+04
4.157300000000000000e+04
2.375200000000000000e+04
3.006400000000000000e+04
4.724900000000000000e+04
4.462200000000000000e+04
3.290900000000000000e+04
1.135800000000000000e+04
3.534100000000000000e+04
7.060000000000000000e+02
3.437800000000000000e+04
3.539700000000000000e+04
4.443800000000000000e+04
2.327700000000000000e+04
3.772200000000000000e+04
4.713300000000000000e+04
1.547000000000000000e+04
4.661000000000000000e+04
3.933300000000000000e+04
1.877800000000000000e+04
4.162600000000000000e+04
3.054100000000000000e+04
3.987900000000000000e+04
6.669000000000000000e+03
1.774200000000000000e+04
2.400400000000000000e+04
3.088100000000000000e+04
7.482000000000000000e+03
2.726400000000000000e+04
4.424300000000000000e+04
1.915600000000000000e+04
3.297200000000000000e+04
3.666100000000000000e+04
4.492600000000000000e+04
3.994300000000000000e+04
3.277600000000000000e+04
1.733000000000000000e+04
3.689800000000000000e+04
1.598500000000000000e+04
2.701700000000000000e+04
2.418000000000000000e+03
2.911300000000000000e+04
3.450200000000000000e+04
1.147000000000000000e+04
3.711700000000000000e+04
2.384800000000000000e+04
4.095700000000000000e+04
1.744000000000000000e+03
4.902600000000000000e+04
3.191400000000000000e+04
1.021100000000000000e+04
9.256000000000000000e+03
1.346600000000000000e+04
2.146000000000000000e+04
2.260000000000000000e+02
4.482200000000000000e+04
8.980000000000000000e+03
3.087800000000000000e+04
1.739900000000000000e+04
4.361900000000000000e+04
2.194400000000000000e+04
1.171800000000000000e+04
3.640800000000000000e+04
4.756800000000000000e+04
3.517300000000000000e+04
8.327000000000000000e+03
3.398400000000000000e+04
3.447800000000000000e+04
4.521800000000000000e+04
1.541300000000000000e+04
3.997400000000000000e+04
1.819900000000000000e+04
8.470000000000000000e+03
5.673000000000000000e+03
3.120800000000000000e+04
3.819900000000000000e+04
4.964200000000000000e+04
2.989000000000000000e+03
2.427600000000000000e+04
9.570000000000000000e+02
1.022000000000000000e+04
1.788300000000000000e+04
7.979000000000000000e+03
1.867000000000000000e+04
1.232000000000000000e+04
1.643600000000000000e+04
3.048700000000000000e+04
6.695000000000000000e+03
8.258000000000000000e+03
1.547200000000000000e+04
2.631600000000000000e+04
3.524800000000000000e+04
1.527300000000000000e+04
4.150700000000000000e+04
3.965100000000000000e+04
2.285500000000000000e+04
2.835800000000000000e+04
8.199000000000000000e+03
3.371900000000000000e+04
2.772200000000000000e+04
3.360300000000000000e+04
4.391100000000000000e+04
2.620100000000000000e+04
4.712600000000000000e+04
3.528600000000000000e+04
1.513700000000000000e+04
3.785300000000000000e+04
3.545700000000000000e+04
4.526000000000000000e+03
3.290400000000000000e+04
2.275700000000000000e+04
1.330200000000000000e+04
2.568000000000000000e+03
2.629000000000000000e+04
2.757600000000000000e+04
4.013800000000000000e+04
4.403000000000000000e+03
2.566000000000000000e+03
2.407100000000000000e+04
8.492000000000000000e+03
4.341800000000000000e+04
1.865100000000000000e+04
1.215800000000000000e+04
2.506900000000000000e+04
2.846900000000000000e+04
1.027800000000000000e+04
4.244400000000000000e+04
2.164500000000000000e+04
3.694400000000000000e+04
3.037600000000000000e+04
1.260600000000000000e+04
4.501900000000000000e+04
2.656000000000000000e+03
3.210000000000000000e+04
4.336300000000000000e+04
2.760900000000000000e+04
3.497400000000000000e+04
1.158600000000000000e+04
1.276800000000000000e+04
3.488500000000000000e+04
2.213000000000000000e+03
3.950200000000000000e+04
3.704300000000000000e+04
3.570000000000000000e+04
1.084100000000000000e+04
4.972200000000000000e+04
1.827400000000000000e+04
9.993000000000000000e+03
4.072000000000000000e+04
9.758000000000000000e+03
2.724000000000000000e+04
3.455800000000000000e+04
2.099900000000000000e+04
2.341000000000000000e+04
3.037900000000000000e+04
4.529800000000000000e+04
4.260000000000000000e+04
3.307300000000000000e+04
2.282600000000000000e+04
3.611000000000000000e+03
3.437400000000000000e+04
2.225500000000000000e+04
5.254000000000000000e+03
1.828300000000000000e+04
4.430500000000000000e+04
2.116000000000000000e+04
4.105600000000000000e+04
2.977500000000000000e+04
4.407800000000000000e+04
1.883800000000000000e+04
2.968000000000000000e+03
1.153500000000000000e+04
1.848200000000000000e+04
1.422800000000000000e+04
2.471300000000000000e+04
2.171700000000000000e+04
3.347500000000000000e+04
3.880000000000000000e+02
1.769500000000000000e+04
1.467800000000000000e+04
1.886200000000000000e+04
2.633100000000000000e+04
4.441400000000000000e+04
6.501000000000000000e+03
9.784000000000000000e+03
3.782800000000000000e+04
4.274300000000000000e+04
9.243000000000000000e+03
4.679500000000000000e+04
2.489500000000000000e+04
1.742800000000000000e+04
9.433000000000000000e+03
2.553200000000000000e+04
3.046500000000000000e+04
3.447700000000000000e+04
4.336800000000000000e+04
2.009700000000000000e+04
3.880400000000000000e+04
5.733000000000000000e+03
1.816100000000000000e+04
3.581300000000000000e+04
5.520000000000000000e+03
3.493700000000000000e+04
1.112800000000000000e+04
1.269200000000000000e+04
2.067300000000000000e+04
3.566000000000000000e+03
1.851200000000000000e+04
1.627900000000000000e+04
4.949700000000000000e+04
2.408500000000000000e+04
2.764100000000000000e+04
4.702100000000000000e+04
3.574300000000000000e+04
6.771000000000000000e+03
6.228000000000000000e+03
3.653000000000000000e+03
3.693500000000000000e+04
2.803100000000000000e+04
2.534600000000000000e+04
5.380000000000000000e+02
4.264400000000000000e+04
4.510200000000000000e+04
4.213400000000000000e+04
2.598500000000000000e+04
1.660300000000000000e+04
1.040700000000000000e+04
4.164100000000000000e+04
2.461300000000000000e+04
4.691600000000000000e+04
3.041300000000000000e+04
6.790000000000000000e+03
3.378200000000000000e+04
1.033600000000000000e+04
1.708500000000000000e+04
5.669000000000000000e+03
2.607500000000000000e+04
8.543000000000000000e+03
4.273400000000000000e+04
5.204000000000000000e+03
1.888000000000000000e+03
8.717000000000000000e+03
2.888100000000000000e+04
4.244000000000000000e+04
3.996700000000000000e+04
3.210300000000000000e+04
1.456600000000000000e+04
3.483900000000000000e+04
3.130300000000000000e+04
2.228800000000000000e+04
3.466000000000000000e+03
3.210700000000000000e+04
4.659000000000000000e+04
3.570100000000000000e+04
3.432600000000000000e+04
1.653500000000000000e+04
5.650000000000000000e+02
1.196100000000000000e+04
1.314400000000000000e+04
1.077700000000000000e+04
2.137600000000000000e+04
3.337300000000000000e+04
4.260400000000000000e+04
3.621100000000000000e+04
3.920600000000000000e+04
8.648000000000000000e+03
4.314000000000000000e+04
4.762000000000000000e+04
1.065800000000000000e+04
2.512000000000000000e+03
3.222400000000000000e+04
6.450000000000000000e+03
2.828000000000000000e+04
6.928000000000000000e+03
3.137300000000000000e+04
3.318000000000000000e+03
1.531100000000000000e+04
2.288300000000000000e+04
8.827000000000000000e+03
3.496500000000000000e+04
3.878700000000000000e+04
4.942600000000000000e+04
2.485700000000000000e+04
2.964200000000000000e+04
4.942700000000000000e+04
4.408700000000000000e+04
4.394600000000000000e+04
1.221800000000000000e+04
2.282700000000000000e+04
2.494200000000000000e+04
3.040800000000000000e+04
4.282200000000000000e+04
1.121400000000000000e+04
3.026400000000000000e+04
1.040800000000000000e+04
6.958000000000000000e+03
5.060000000000000000e+03
3.789800000000000000e+04
7.626000000000000000e+03
2.698400000000000000e+04
4.836000000000000000e+04
3.375400000000000000e+04
2.265800000000000000e+04
3.573200000000000000e+04
4.304400000000000000e+04
1.814300000000000000e+04
3.861800000000000000e+04
9.857000000000000000e+03
2.866700000000000000e+04
1.468700000000000000e+04
4.100000000000000000e+03
9.627000000000000000e+03
1.130000000000000000e+04
3.059300000000000000e+04
1.815600000000000000e+04
4.232600000000000000e+04
2.759800000000000000e+04
8.753000000000000000e+03
4.596000000000000000e+04
4.942200000000000000e+04
1.299900000000000000e+04
3.768300000000000000e+04
2.768800000000000000e+04
3.408200000000000000e+04
2.844900000000000000e+04
4.179900000000000000e+04
6.676000000000000000e+03
2.126900000000000000e+04
2.647700000000000000e+04
2.677900000000000000e+04
6.325000000000000000e+03
4.322800000000000000e+04
5.317000000000000000e+03
3.160000000000000000e+04
4.190000000000000000e+03
3.500000000000000000e+02
2.532800000000000000e+04
6.552000000000000000e+03
4.291300000000000000e+04
2.304300000000000000e+04
2.551000000000000000e+03
1.489300000000000000e+04
4.945400000000000000e+04
4.557200000000000000e+04
2.945000000000000000e+04
3.985000000000000000e+04
3.266100000000000000e+04
2.827400000000000000e+04
4.451200000000000000e+04
4.097600000000000000e+04
4.574500000000000000e+04
4.231600000000000000e+04
3.746500000000000000e+04
4.321900000000000000e+04
2.685100000000000000e+04
1.985600000000000000e+04
1.999300000000000000e+04
4.655300000000000000e+04
3.663600000000000000e+04
1.929700000000000000e+04
4.387800000000000000e+04
3.078400000000000000e+04
3.441900000000000000e+04
1.515400000000000000e+04
3.542100000000000000e+04
1.275800000000000000e+04
9.329000000000000000e+03
1.500000000000000000e+03
4.324200000000000000e+04
1.692600000000000000e+04
2.605700000000000000e+04
3.782000000000000000e+03
2.136400000000000000e+04
2.056600000000000000e+04
2.460700000000000000e+04
4.158000000000000000e+03
1.978000000000000000e+03
2.713000000000000000e+03
2.151400000000000000e+04
2.427000000000000000e+03
3.679000000000000000e+04
1.867400000000000000e+04
4.886000000000000000e+03
9.744000000000000000e+03
3.142200000000000000e+04
2.266200000000000000e+04
7.646000000000000000e+03
4.417700000000000000e+04
2.419300000000000000e+04
3.419200000000000000e+04
2.548200000000000000e+04
1.097500000000000000e+04
1.747200000000000000e+04
4.577800000000000000e+04
1.399200000000000000e+04
2.888800000000000000e+04
3.870100000000000000e+04
3.005900000000000000e+04
3.814500000000000000e+04
3.519000000000000000e+04
3.062200000000000000e+04
1.771700000000000000e+04
2.485000000000000000e+03
4.047900000000000000e+04
4.557600000000000000e+04
3.872200000000000000e+04
4.553200000000000000e+04
3.185000000000000000e+03
1.205200000000000000e+04
2.957800000000000000e+04
4.062000000000000000e+04
2.064000000000000000e+03
3.109800000000000000e+04
4.898400000000000000e+04
2.460800000000000000e+04
3.161300000000000000e+04
2.123800000000000000e+04
8.815000000000000000e+03
8.132000000000000000e+03
5.670000000000000000e+02
3.844900000000000000e+04
4.130000000000000000e+04
3.623100000000000000e+04
4.673600000000000000e+04
3.426200000000000000e+04
2.237000000000000000e+03
2.804800000000000000e+04
2.818500000000000000e+04
3.763800000000000000e+04
2.702700000000000000e+04
4.102400000000000000e+04
4.951700000000000000e+04
2.964900000000000000e+04
4.827000000000000000e+04
2.118400000000000000e+04
2.287000000000000000e+04
3.423900000000000000e+04
9.001000000000000000e+03
2.204300000000000000e+04
4.069500000000000000e+04
2.861000000000000000e+03
3.328600000000000000e+04
3.130800000000000000e+04
3.226700000000000000e+04
3.235700000000000000e+04
1.012100000000000000e+04
1.665300000000000000e+04
2.387400000000000000e+04
3.132900000000000000e+04
3.760500000000000000e+04
1.282600000000000000e+04
4.771300000000000000e+04
1.383700000000000000e+04
3.663400000000000000e+04
3.863800000000000000e+04
3.834200000000000000e+04
2.952800000000000000e+04
7.652000000000000000e+03
2.260700000000000000e+04
3.487700000000000000e+04
4.572400000000000000e+04
1.295800000000000000e+04
1.318700000000000000e+04
1.683300000000000000e+04
4.514600000000000000e+04
4.374900000000000000e+04
3.528000000000000000e+04
3.962500000000000000e+04
2.780800000000000000e+04
8.527000000000000000e+03
1.914600000000000000e+04
1.254500000000000000e+04
3.904400000000000000e+04
2.684600000000000000e+04
4.626800000000000000e+04
1.143100000000000000e+04
2.392600000000000000e+04
2.024100000000000000e+04
2.980100000000000000e+04
1.898000000000000000e+04
2.990000000000000000e+04
3.645000000000000000e+03
6.412000000000000000e+03
3.671100000000000000e+04
8.440000000000000000e+02
8.005000000000000000e+03
3.406200000000000000e+04
1.695400000000000000e+04
3.143600000000000000e+04
1.661600000000000000e+04
9.660000000000000000e+02
2.319200000000000000e+04
4.435100000000000000e+04
3.502200000000000000e+04
7.022000000000000000e+03
1.792600000000000000e+04
2.701100000000000000e+04
2.871300000000000000e+04
1.789400000000000000e+04
1.757800000000000000e+04
3.624800000000000000e+04
3.113100000000000000e+04
1.143000000000000000e+04
2.334400000000000000e+04
3.765900000000000000e+04
3.121600000000000000e+04
3.996400000000000000e+04
4.943100000000000000e+04
2.897700000000000000e+04
4.887200000000000000e+04
5.482000000000000000e+03
2.860300000000000000e+04
3.164100000000000000e+04
5.045000000000000000e+03
2.584300000000000000e+04
7.839000000000000000e+03
1.754400000000000000e+04
3.766400000000000000e+04
1.134800000000000000e+04
8.054000000000000000e+03
1.390700000000000000e+04
6.930000000000000000e+03
1.812400000000000000e+04
3.987000000000000000e+04
4.345000000000000000e+04
4.325200000000000000e+04
1.552300000000000000e+04
4.759600000000000000e+04
4.178200000000000000e+04
4.060600000000000000e+04
3.925000000000000000e+04
2.399100000000000000e+04
3.947200000000000000e+04
3.125700000000000000e+04
2.531000000000000000e+03
1.088500000000000000e+04
4.104800000000000000e+04
2.660100000000000000e+04
2.450000000000000000e+04
1.138200000000000000e+04
1.416400000000000000e+04
4.542000000000000000e+03
4.311500000000000000e+04
3.551000000000000000e+03
4.996400000000000000e+04
2.821300000000000000e+04
2.970300000000000000e+04
1.745100000000000000e+04
5.408000000000000000e+03
2.842400000000000000e+04
2.962200000000000000e+04
4.985400000000000000e+04
3.364800000000000000e+04
3.037400000000000000e+04
1.789000000000000000e+03
4.494000000000000000e+03
4.719200000000000000e+04
5.348000000000000000e+03
2.165800000000000000e+04
9.750000000000000000e+03
3.738400000000000000e+04
1.257300000000000000e+04
2.710800000000000000e+04
2.482800000000000000e+04
2.828200000000000000e+04
7.280000000000000000e+03
1.294000000000000000e+03
2.824600000000000000e+04
3.331900000000000000e+04
1.227600000000000000e+04
3.974100000000000000e+04
5.958000000000000000e+03
4.575000000000000000e+04
1.736900000000000000e+04
5.349000000000000000e+03
5.037000000000000000e+03
9.262000000000000000e+03
4.455000000000000000e+04
1.660200000000000000e+04
1.083400000000000000e+04
4.048700000000000000e+04
6.950000000000000000e+02
1.157300000000000000e+04
7.264000000000000000e+03
7.827000000000000000e+03
9.978000000000000000e+03
4.782300000000000000e+04
2.731700000000000000e+04
2.039000000000000000e+03
3.917900000000000000e+04
3.634500000000000000e+04
1.513000000000000000e+03
4.189700000000000000e+04
2.169900000000000000e+04
1.791800000000000000e+04
4.815400000000000000e+04
1.076000000000000000e+04
4.697600000000000000e+04
4.308800000000000000e+04
9.110000000000000000e+02
2.444900000000000000e+04
4.267800000000000000e+04
4.271100000000000000e+04
2.537800000000000000e+04
4.484400000000000000e+04
2.285700000000000000e+04
1.672600000000000000e+04
3.604500000000000000e+04
1.526700000000000000e+04
2.374500000000000000e+04
2.618200000000000000e+04
1.224700000000000000e+04
2.760600000000000000e+04
1.873800000000000000e+04
4.293100000000000000e+04
1.986900000000000000e+04
4.956700000000000000e+04
3.819300000000000000e+04
1.489700000000000000e+04
6.473000000000000000e+03
6.030000000000000000e+03
3.900100000000000000e+04
2.694300000000000000e+04
8.776000000000000000e+03
4.198100000000000000e+04
2.696000000000000000e+03
3.306600000000000000e+04
4.833300000000000000e+04
1.579100000000000000e+04
3.542200000000000000e+04
1.583700000000000000e+04
1.305400000000000000e+04
3.611400000000000000e+04
4.570400000000000000e+04
4.680000000000000000e+04
7.418000000000000000e+03
1.827100000000000000e+04
9.620000000000000000e+03
2.044900000000000000e+04
4.064800000000000000e+04
1.507000000000000000e+04
4.085000000000000000e+03
2.646300000000000000e+04
3.957300000000000000e+04
3.078800000000000000e+04
4.275300000000000000e+04
4.397500000000000000e+04
3.640000000000000000e+02
2.565000000000000000e+03
4.279800000000000000e+04
3.810500000000000000e+04
4.253100000000000000e+04
2.133000000000000000e+03
4.937300000000000000e+04
5.857000000000000000e+03
2.932000000000000000e+04
8.000000000000000000e+01
4.915500000000000000e+04
3.811600000000000000e+04
7.742000000000000000e+03
3.051900000000000000e+04
2.046900000000000000e+04
4.265500000000000000e+04
1.584700000000000000e+04
1.724900000000000000e+04
7.759000000000000000e+03
2.256700000000000000e+04
4.087600000000000000e+04
1.660600000000000000e+04
8.423000000000000000e+03
4.238200000000000000e+04
2.206200000000000000e+04
3.827000000000000000e+04
7.696000000000000000e+03
4.547700000000000000e+04
1.226100000000000000e+04
4.429700000000000000e+04
3.682900000000000000e+04
4.969200000000000000e+04
1.350000000000000000e+03
1.239800000000000000e+04
3.110800000000000000e+04
1.482400000000000000e+04
4.796000000000000000e+04
4.730300000000000000e+04
3.375900000000000000e+04
1.621100000000000000e+04
1.534300000000000000e+04
1.480300000000000000e+04
7.623000000000000000e+03
3.107600000000000000e+04
1.701200000000000000e+04
4.968500000000000000e+04
1.211100000000000000e+04
3.661700000000000000e+04
4.787500000000000000e+04
3.482700000000000000e+04
1.705500000000000000e+04
2.587700000000000000e+04
7.674000000000000000e+03
3.043200000000000000e+04
1.509800000000000000e+04
3.684300000000000000e+04
2.322800000000000000e+04
2.130000000000000000e+02
7.835000000000000000e+03
3.767000000000000000e+04
2.130000000000000000e+03
3.965300000000000000e+04
4.208000000000000000e+04
2.419500000000000000e+04
3.203000000000000000e+04
1.054800000000000000e+04
4.258200000000000000e+04
4.975500000000000000e+04
5.291000000000000000e+03
5.436000000000000000e+03
1.738000000000000000e+03
2.639200000000000000e+04
3.568200000000000000e+04
3.087000000000000000e+04
3.405500000000000000e+04
1.715200000000000000e+04
4.476600000000000000e+04
3.438700000000000000e+04
3.195400000000000000e+04
2.976900000000000000e+04
2.801800000000000000e+04
3.279600000000000000e+04
4.742400000000000000e+04
3.865100000000000000e+04
2.762900000000000000e+04
3.838800000000000000e+04
3.998400000000000000e+04
6.141000000000000000e+03
4.367800000000000000e+04
3.339000000000000000e+04
3.046600000000000000e+04
2.739700000000000000e+04
1.497600000000000000e+04
8.230000000000000000e+02
2.349300000000000000e+04
4.117000000000000000e+03
2.770000000000000000e+02
4.437400000000000000e+04
3.145400000000000000e+04
3.262900000000000000e+04
3.339400000000000000e+04
1.494600000000000000e+04
3.503900000000000000e+04
2.569400000000000000e+04
4.826400000000000000e+04
3.355500000000000000e+04
2.518400000000000000e+04
2.382900000000000000e+04
4.457400000000000000e+04
4.190100000000000000e+04
8.279000000000000000e+03
3.281900000000000000e+04
3.592700000000000000e+04
2.211700000000000000e+04
2.055300000000000000e+04
1.373800000000000000e+04
1.953900000000000000e+04
4.319500000000000000e+04
2.115200000000000000e+04
1.724000000000000000e+04
4.325500000000000000e+04
3.323700000000000000e+04
2.326500000000000000e+04
4.166300000000000000e+04
2.657700000000000000e+04
4.621000000000000000e+04
3.706900000000000000e+04
1.000800000000000000e+04
2.453300000000000000e+04
5.268000000000000000e+03
1.638400000000000000e+04
1.368700000000000000e+04
6.982000000000000000e+03
1.330000000000000000e+03
3.207300000000000000e+04
7.852000000000000000e+03
3.855300000000000000e+04
4.667900000000000000e+04
2.577400000000000000e+04
1.386900000000000000e+04
1.319500000000000000e+04
1.471400000000000000e+04
2.461100000000000000e+04
4.754400000000000000e+04
2.391900000000000000e+04
1.709300000000000000e+04
2.685000000000000000e+04
2.613100000000000000e+04
1.537000000000000000e+03
4.756900000000000000e+04
4.917800000000000000e+04
3.064600000000000000e+04
4.526100000000000000e+04
1.349300000000000000e+04
2.235200000000000000e+04
3.609600000000000000e+04
1.491800000000000000e+04
2.735000000000000000e+04
4.256600000000000000e+04
3.155000000000000000e+04
4.971700000000000000e+04
3.968000000000000000e+03
4.090200000000000000e+04
1.473000000000000000e+04
1.674000000000000000e+03
1.531800000000000000e+04
4.037300000000000000e+04
1.160000000000000000e+04
4.682300000000000000e+04
1.896100000000000000e+04
4.665200000000000000e+04
4.092400000000000000e+04
2.655700000000000000e+04
2.075700000000000000e+04
2.600900000000000000e+04
4.243500000000000000e+04
1.585800000000000000e+04
1.522900000000000000e+04
1.301700000000000000e+04
2.002500000000000000e+04
9.663000000000000000e+03
3.342600000000000000e+04
4.505600000000000000e+04
2.086600000000000000e+04
2.676000000000000000e+03
4.927100000000000000e+04
3.102500000000000000e+04
1.151200000000000000e+04
4.712000000000000000e+04
1.960100000000000000e+04
2.950300000000000000e+04
4.844700000000000000e+04
2.566500000000000000e+04
7.913000000000000000e+03
3.965200000000000000e+04
6.428000000000000000e+03
2.761800000000000000e+04
6.699000000000000000e+03
4.991000000000000000e+04
4.444400000000000000e+04
2.622300000000000000e+04
1.890200000000000000e+04
4.158900000000000000e+04
3.091400000000000000e+04
1.867800000000000000e+04
2.157700000000000000e+04
1.917100000000000000e+04
5.211000000000000000e+03
3.636000000000000000e+04
2.066900000000000000e+04
8.833000000000000000e+03
1.986000000000000000e+03
4.011700000000000000e+04
9.062000000000000000e+03
8.229000000000000000e+03
2.912300000000000000e+04
1.079000000000000000e+04
3.084800000000000000e+04
3.600000000000000000e+02
2.852500000000000000e+04
3.471800000000000000e+04
4.935800000000000000e+04
4.144400000000000000e+04
4.510000000000000000e+04
1.557600000000000000e+04
1.674000000000000000e+04
5.048000000000000000e+03
6.542000000000000000e+03
2.033400000000000000e+04
4.418900000000000000e+04
4.701700000000000000e+04
2.056800000000000000e+04
4.764900000000000000e+04
4.582200000000000000e+04
1.943500000000000000e+04
1.189600000000000000e+04
3.360000000000000000e+02
3.038700000000000000e+04
2.461000000000000000e+04
2.737100000000000000e+04
4.957400000000000000e+04
1.175700000000000000e+04
4.812500000000000000e+04
4.804400000000000000e+04
1.765800000000000000e+04
4.857900000000000000e+04
4.634300000000000000e+04
1.432500000000000000e+04
1.185400000000000000e+04
4.907000000000000000e+03
1.263000000000000000e+04
1.673300000000000000e+04
4.116000000000000000e+04
1.602800000000000000e+04
2.771000000000000000e+03
4.338600000000000000e+04
3.777000000000000000e+04
3.242900000000000000e+04
2.519800000000000000e+04
2.226900000000000000e+04
7.037000000000000000e+03
3.161200000000000000e+04
3.303600000000000000e+04
2.604100000000000000e+04
7.676000000000000000e+03
4.005100000000000000e+04
4.565800000000000000e+04
1.313900000000000000e+04
3.288500000000000000e+04
3.199000000000000000e+03
9.440000000000000000e+02
6.268000000000000000e+03
1.029300000000000000e+04
7.018000000000000000e+03
2.110700000000000000e+04
3.532600000000000000e+04
3.102300000000000000e+04
2.972900000000000000e+04
4.252000000000000000e+03
4.097000000000000000e+03
4.530900000000000000e+04
1.663000000000000000e+04
9.707000000000000000e+03
9.293000000000000000e+03
1.605700000000000000e+04
1.402100000000000000e+04
3.394200000000000000e+04
1.208900000000000000e+04
1.888000000000000000e+04
3.663900000000000000e+04
3.146000000000000000e+03
2.541600000000000000e+04
1.244000000000000000e+04
6.441000000000000000e+03
1.332800000000000000e+04
1.711100000000000000e+04
1.786500000000000000e+04
2.118300000000000000e+04
1.844300000000000000e+04
1.386000000000000000e+03
5.517000000000000000e+03
5.585000000000000000e+03
1.394600000000000000e+04
8.373000000000000000e+03
3.893500000000000000e+04
3.495000000000000000e+03
1.210200000000000000e+04
4.187400000000000000e+04
4.149000000000000000e+03
1.673000000000000000e+04
1.782100000000000000e+04
1.002500000000000000e+04
2.865800000000000000e+04
4.894300000000000000e+04
4.052000000000000000e+03
3.870700000000000000e+04
1.324500000000000000e+04
2.399800000000000000e+04
1.768500000000000000e+04
5.605000000000000000e+03
4.038800000000000000e+04
3.358000000000000000e+04
3.378400000000000000e+04
5.481000000000000000e+03
2.136500000000000000e+04
1.694400000000000000e+04
3.381100000000000000e+04
8.670000000000000000e+03
2.272000000000000000e+04
3.218000000000000000e+03
1.498100000000000000e+04
3.662400000000000000e+04
1.913000000000000000e+03
3.294500000000000000e+04
3.006300000000000000e+04
2.103700000000000000e+04
4.215800000000000000e+04
1.042000000000000000e+04
2.646100000000000000e+04
3.697400000000000000e+04
1.240200000000000000e+04
4.785800000000000000e+04
3.868000000000000000e+03
8.785000000000000000e+03
3.588000000000000000e+04
9.296000000000000000e+03
3.597900000000000000e+04
2.799400000000000000e+04
2.058200000000000000e+04
2.840100000000000000e+04
2.874500000000000000e+04
3.406300000000000000e+04
2.298600000000000000e+04
3.977100000000000000e+04
8.001000000000000000e+03
4.710800000000000000e+04
1.339200000000000000e+04
1.534900000000000000e+04
4.163000000000000000e+04
2.088500000000000000e+04
4.888500000000000000e+04
9.082000000000000000e+03
1.341000000000000000e+04
2.415500000000000000e+04
1.917600000000000000e+04
3.371400000000000000e+04
4.371200000000000000e+04
3.913200000000000000e+04
4.191300000000000000e+04
4.009200000000000000e+04
1.839300000000000000e+04
4.800000000000000000e+02
2.878300000000000000e+04
4.492300000000000000e+04
6.087000000000000000e+03
3.733300000000000000e+04
1.588700000000000000e+04
4.896000000000000000e+03
2.553400000000000000e+04
2.915800000000000000e+04
3.500000000000000000e+03
4.567000000000000000e+03
4.831700000000000000e+04
3.352500000000000000e+04
7.367000000000000000e+03
2.265100000000000000e+04
4.020600000000000000e+04
3.844000000000000000e+03
4.848900000000000000e+04
3.825300000000000000e+04
1.462600000000000000e+04
1.100500000000000000e+04
1.508000000000000000e+04
3.360000000000000000e+04
1.363000000000000000e+03
1.583000000000000000e+04
4.682900000000000000e+04
4.108100000000000000e+04
2.534400000000000000e+04
4.304600000000000000e+04
1.874400000000000000e+04
2.656100000000000000e+04
3.998800000000000000e+04
5.759000000000000000e+03
2.550900000000000000e+04
4.254800000000000000e+04
2.208700000000000000e+04
8.866000000000000000e+03
1.187600000000000000e+04
3.608600000000000000e+04
3.137400000000000000e+04
3.876300000000000000e+04
2.926200000000000000e+04
2.896000000000000000e+03
7.920000000000000000e+02
4.385300000000000000e+04
3.283500000000000000e+04
3.712100000000000000e+04
4.883800000000000000e+04
1.723100000000000000e+04
2.167500000000000000e+04
3.413300000000000000e+04
8.799000000000000000e+03
4.630600000000000000e+04
5.891000000000000000e+03
2.949200000000000000e+04
4.307900000000000000e+04
1.179800000000000000e+04
2.878900000000000000e+04
3.160000000000000000e+02
2.318800000000000000e+04
2.384500000000000000e+04
3.654400000000000000e+04
4.570500000000000000e+04
2.595600000000000000e+04
2.580700000000000000e+04
3.423600000000000000e+04
3.029900000000000000e+04
1.673600000000000000e+04
3.245800000000000000e+04
1.407000000000000000e+03
3.715600000000000000e+04
3.962200000000000000e+04
8.348000000000000000e+03
4.994100000000000000e+04
3.674900000000000000e+04
1.227200000000000000e+04
3.437900000000000000e+04
3.375300000000000000e+04
8.768000000000000000e+03
3.309400000000000000e+04
4.725700000000000000e+04
1.726300000000000000e+04
2.152200000000000000e+04
2.876900000000000000e+04
1.622000000000000000e+04
1.200400000000000000e+04
1.067300000000000000e+04
4.488200000000000000e+04
2.134400000000000000e+04
4.458000000000000000e+04
5.099000000000000000e+03
3.924600000000000000e+04
2.948300000000000000e+04
2.967100000000000000e+04
1.062100000000000000e+04
4.666500000000000000e+04
3.582500000000000000e+04
6.649000000000000000e+03
3.053700000000000000e+04
5.341000000000000000e+03
3.789100000000000000e+04
7.634000000000000000e+03
2.243200000000000000e+04
1.912600000000000000e+04
3.981000000000000000e+04
3.322400000000000000e+04
2.326000000000000000e+04
4.728100000000000000e+04
3.989600000000000000e+04
3.952100000000000000e+04
3.338100000000000000e+04
5.619000000000000000e+03
4.820900000000000000e+04
4.980000000000000000e+02
1.609600000000000000e+04
1.523900000000000000e+04
2.845500000000000000e+04
4.742000000000000000e+04
8.414000000000000000e+03
2.312000000000000000e+04
4.002500000000000000e+04
2.313200000000000000e+04
3.512000000000000000e+03
4.756100000000000000e+04
2.510000000000000000e+03
1.127400000000000000e+04
9.668000000000000000e+03
1.379500000000000000e+04
2.101900000000000000e+04
2.724000000000000000e+03
3.608400000000000000e+04
2.801400000000000000e+04
2.108900000000000000e+04
3.111400000000000000e+04
1.557300000000000000e+04
2.053800000000000000e+04
1.318800000000000000e+04
5.570000000000000000e+03
5.050000000000000000e+02
1.386000000000000000e+04
1.454700000000000000e+04
1.560600000000000000e+04
4.264900000000000000e+04
2.281900000000000000e+04
1.000000000000000000e+04
6.807000000000000000e+03
3.576000000000000000e+04
4.937500000000000000e+04
1.719300000000000000e+04
1.955900000000000000e+04
1.526100000000000000e+04
4.426400000000000000e+04
3.844700000000000000e+04
1.243000000000000000e+04
4.456100000000000000e+04
3.354000000000000000e+04
1.424400000000000000e+04
6.142000000000000000e+03
1.936100000000000000e+04
4.766000000000000000e+04
1.306600000000000000e+04
1.221400000000000000e+04
3.704400000000000000e+04
4.119600000000000000e+04
1.929000000000000000e+03
3.036100000000000000e+04
2.900100000000000000e+04
4.354500000000000000e+04
4.307200000000000000e+04
2.575200000000000000e+04
4.354400000000000000e+04
2.981800000000000000e+04
1.107500000000000000e+04
1.687200000000000000e+04
8.330000000000000000e+03
2.384900000000000000e+04
8.242000000000000000e+03
4.361200000000000000e+04
8.068000000000000000e+03
3.208400000000000000e+04
9.762000000000000000e+03
3.925100000000000000e+04
4.377000000000000000e+03
1.059400000000000000e+04
3.773300000000000000e+04
2.357700000000000000e+04
2.534100000000000000e+04
4.382900000000000000e+04
2.271600000000000000e+04
1.287600000000000000e+04
2.303100000000000000e+04
4.166000000000000000e+03
4.624000000000000000e+04
5.100000000000000000e+01
1.960600000000000000e+04
1.837500000000000000e+04
3.802000000000000000e+04
7.115000000000000000e+03
1.511700000000000000e+04
3.432400000000000000e+04
4.707400000000000000e+04
3.470900000000000000e+04
4.224200000000000000e+04
3.720800000000000000e+04
1.177700000000000000e+04
1.111500000000000000e+04
2.548000000000000000e+04
6.914000000000000000e+03
3.079000000000000000e+03
3.230900000000000000e+04
3.258200000000000000e+04
2.321000000000000000e+04
9.405000000000000000e+03
3.719600000000000000e+04
4.470000000000000000e+04
2.109000000000000000e+04
1.766400000000000000e+04
2.058000000000000000e+03
1.279400000000000000e+04
2.163400000000000000e+04
4.910200000000000000e+04
1.963500000000000000e+04
3.595400000000000000e+04
4.563500000000000000e+04
3.884200000000000000e+04
4.819200000000000000e+04
4.213500000000000000e+04
2.577200000000000000e+04
1.840400000000000000e+04
3.474800000000000000e+04
4.531600000000000000e+04
4.125300000000000000e+04
3.488000000000000000e+04
3.421000000000000000e+04
1.583900000000000000e+04
4.893500000000000000e+04
8.053000000000000000e+03
7.810000000000000000e+03
2.089900000000000000e+04
4.503500000000000000e+04
8.853000000000000000e+03
1.071900000000000000e+04
3.532000000000000000e+03
3.540800000000000000e+04
4.352900000000000000e+04
2.625700000000000000e+04
4.746400000000000000e+04
1.767900000000000000e+04
3.780900000000000000e+04
2.165100000000000000e+04
2.512900000000000000e+04
2.486200000000000000e+04
4.584000000000000000e+04
4.397900000000000000e+04
3.080100000000000000e+04
3.153000000000000000e+03
4.954100000000000000e+04
8.502000000000000000e+03
3.627900000000000000e+04
1.161000000000000000e+03
4.305100000000000000e+04
4.674800000000000000e+04
2.162800000000000000e+04
4.495700000000000000e+04
3.259600000000000000e+04
4.517400000000000000e+04
8.293000000000000000e+03
2.928300000000000000e+04
4.907300000000000000e+04
3.403000000000000000e+03
6.869000000000000000e+03
1.576400000000000000e+04
2.895600000000000000e+04
3.041000000000000000e+04
1.387000000000000000e+04
3.791400000000000000e+04
1.356000000000000000e+03
3.157700000000000000e+04
1.377000000000000000e+03
3.438200000000000000e+04
3.599000000000000000e+03
3.435800000000000000e+04
7.456000000000000000e+03
2.541800000000000000e+04
4.064400000000000000e+04
4.257700000000000000e+04
2.414000000000000000e+04
2.910200000000000000e+04
3.142600000000000000e+04
4.642200000000000000e+04
3.688500000000000000e+04
9.911000000000000000e+03
1.863500000000000000e+04
2.437700000000000000e+04
3.103200000000000000e+04
2.649000000000000000e+03
3.815400000000000000e+04
3.085100000000000000e+04
3.395000000000000000e+03
2.047300000000000000e+04
4.846800000000000000e+04
1.500100000000000000e+04
2.146200000000000000e+04
4.870600000000000000e+04
2.098000000000000000e+04
2.894900000000000000e+04
3.976100000000000000e+04
4.432400000000000000e+04
4.104600000000000000e+04
1.270900000000000000e+04
6.917000000000000000e+03
1.605600000000000000e+04
4.380300000000000000e+04
2.601500000000000000e+04
2.496000000000000000e+04
3.571700000000000000e+04
3.764100000000000000e+04
2.673100000000000000e+04
3.050000000000000000e+04
1.409400000000000000e+04
3.698300000000000000e+04
4.097900000000000000e+04
3.710000000000000000e+04
3.369800000000000000e+04
4.788800000000000000e+04
2.102500000000000000e+04
1.847500000000000000e+04
3.971300000000000000e+04
4.850200000000000000e+04
4.415000000000000000e+04
1.791100000000000000e+04
6.452000000000000000e+03
3.780500000000000000e+04
5.383000000000000000e+03
1.631100000000000000e+04
2.321000000000000000e+03
9.440000000000000000e+03
4.091600000000000000e+04
1.742000000000000000e+04
2.298700000000000000e+04
1.162400000000000000e+04
8.550000000000000000e+03
4.512600000000000000e+04
4.161300000000000000e+04
8.562000000000000000e+03
2.347500000000000000e+04
4.747300000000000000e+04
3.677200000000000000e+04
1.886000000000000000e+03
3.916800000000000000e+04
3.977200000000000000e+04
3.357000000000000000e+04
2.987900000000000000e+04
2.423500000000000000e+04
4.869000000000000000e+04
1.780400000000000000e+04
9.102000000000000000e+03
1.169600000000000000e+04
3.013400000000000000e+04
7.480000000000000000e+02
7.685000000000000000e+03
2.796400000000000000e+04
3.337400000000000000e+04
3.097600000000000000e+04
1.178200000000000000e+04
4.967600000000000000e+04
4.653900000000000000e+04
3.437000000000000000e+03
6.078000000000000000e+03
4.146300000000000000e+04
3.119700000000000000e+04
4.930300000000000000e+04
3.601000000000000000e+04
1.889300000000000000e+04
1.476400000000000000e+04
2.092500000000000000e+04
4.219000000000000000e+04
4.286600000000000000e+04
3.262000000000000000e+04
3.350600000000000000e+04
2.530600000000000000e+04
2.920300000000000000e+04
1.476300000000000000e+04
1.690600000000000000e+04
1.062600000000000000e+04
3.354000000000000000e+03
1.816300000000000000e+04
1.889900000000000000e+04
1.424200000000000000e+04
5.927000000000000000e+03
2.295600000000000000e+04
2.281600000000000000e+04
1.580500000000000000e+04
3.941300000000000000e+04
4.601400000000000000e+04
4.240100000000000000e+04
4.614800000000000000e+04
4.542200000000000000e+04
4.618900000000000000e+04
2.568700000000000000e+04
3.306400000000000000e+04
1.825200000000000000e+04
1.273800000000000000e+04
1.460900000000000000e+04
6.245000000000000000e+03
4.012800000000000000e+04
6.414000000000000000e+03
4.342800000000000000e+04
3.917300000000000000e+04
2.736000000000000000e+03
5.770000000000000000e+03
4.916200000000000000e+04
1.971700000000000000e+04
1.590700000000000000e+04
1.106600000000000000e+04
2.935100000000000000e+04
3.966100000000000000e+04
9.450000000000000000e+02
2.742900000000000000e+04
2.513000000000000000e+03
3.009800000000000000e+04
4.277200000000000000e+04
3.594000000000000000e+03
4.817300000000000000e+04
6.421000000000000000e+03
1.848600000000000000e+04
1.873300000000000000e+04
1.293100000000000000e+04
1.265700000000000000e+04
2.677300000000000000e+04
2.639300000000000000e+04
2.211900000000000000e+04
3.946300000000000000e+04
2.619400000000000000e+04
3.234000000000000000e+04
2.856900000000000000e+04
3.353700000000000000e+04
4.548400000000000000e+04
3.260900000000000000e+04
3.516900000000000000e+04
2.401200000000000000e+04
1.663500000000000000e+04
5.641000000000000000e+03
1.239600000000000000e+04
1.469500000000000000e+04
