2.822900000000000000e+04
1.950200000000000000e+04
1.331200000000000000e+04
3.892500000000000000e+04
4.721500000000000000e+04
3.540700000000000000e+04
3.075300000000000000e+04
9.158000000000000000e+03
7.213000000000000000e+03
2.758700000000000000e+04
4.784200000000000000e+04
1.665000000000000000e+04
2.305000000000000000e+03
2.753300000000000000e+04
1.654600000000000000e+04
1.917800000000000000e+04
4.986100000000000000e+04
3.190200000000000000e+04
3.001900000000000000e+04
2.683400000000000000e+04
2.056000000000000000e+04
2.152000000000000000e+03
1.096300000000000000e+04
1.291000000000000000e+04
8.999000000000000000e+03
4.515900000000000000e+04
2.218000000000000000e+03
3.448000000000000000e+03
6.180000000000000000e+02
4.601100000000000000e+04
4.019000000000000000e+04
4.281300000000000000e+04
3.009500000000000000e+04
4.312500000000000000e+04
3.417300000000000000e+04
4.654500000000000000e+04
4.722500000000000000e+04
1.301300000000000000e+04
2.737000000000000000e+04
3.545800000000000000e+04
9.375000000000000000e+03
3.895000000000000000e+03
4.639800000000000000e+04
6.706000000000000000e+03
2.468100000000000000e+04
7.073000000000000000e+03
4.399800000000000000e+04
4.269000000000000000e+04
4.226300000000000000e+04
4.923400000000000000e+04
3.591500000000000000e+04
2.293800000000000000e+04
2.117100000000000000e+04
2.866000000000000000e+03
1.903900000000000000e+04
2.257000000000000000e+04
3.533000000000000000e+04
3.628700000000000000e+04
2.544000000000000000e+03
4.505300000000000000e+04
1.046800000000000000e+04
8.590000000000000000e+03
2.806200000000000000e+04
9.921000000000000000e+03
3.388000000000000000e+04
2.807800000000000000e+04
2.586900000000000000e+04
1.500700000000000000e+04
3.523700000000000000e+04
2.415300000000000000e+04
6.367000000000000000e+03
2.717300000000000000e+04
2.251100000000000000e+04
1.296000000000000000e+03
1.009500000000000000e+04
4.988000000000000000e+04
3.295500000000000000e+04
4.698000000000000000e+03
1.510100000000000000e+04
4.176500000000000000e+04
1.815600000000000000e+04
2.804500000000000000e+04
4.700000000000000000e+04
9.010000000000000000e+02
1.645200000000000000e+04
8.007000000000000000e+03
4.349900000000000000e+04
1.697900000000000000e+04
4.577200000000000000e+04
1.870200000000000000e+04
4.063800000000000000e+04
9.302000000000000000e+03
3.022600000000000000e+04
3.881000000000000000e+04
3.816500000000000000e+04
3.386600000000000000e+04
9.856000000000000000e+03
9.727000000000000000e+03
1.831400000000000000e+04
1.312800000000000000e+04
9.697000000000000000e+03
2.683900000000000000e+04
4.393200000000000000e+04
4.616000000000000000e+04
2.125300000000000000e+04
2.302400000000000000e+04
4.210700000000000000e+04
7.326000000000000000e+03
4.747800000000000000e+04
3.413500000000000000e+04
3.328900000000000000e+04
1.483400000000000000e+04
1.476500000000000000e+04
1.377900000000000000e+04
1.217000000000000000e+04
3.378100000000000000e+04
7.698000000000000000e+03
4.208300000000000000e+04
1.394400000000000000e+04
8.469000000000000000e+03
1.534600000000000000e+04
3.520100000000000000e+04
3.346200000000000000e+04
2.196500000000000000e+04
4.895300000000000000e+04
1.847700000000000000e+04
1.485700000000000000e+04
1.384300000000000000e+04
1.220300000000000000e+04
4.167700000000000000e+04
4.726500000000000000e+04
6.430000000000000000e+03
5.790000000000000000e+03
4.900200000000000000e+04
3.714700000000000000e+04
6.713000000000000000e+03
3.503600000000000000e+04
2.979200000000000000e+04
2.481500000000000000e+04
4.171800000000000000e+04
1.703200000000000000e+04
4.127400000000000000e+04
4.088800000000000000e+04
3.875400000000000000e+04
8.344000000000000000e+03
1.464900000000000000e+04
3.949900000000000000e+04
9.603000000000000000e+03
3.499300000000000000e+04
3.058500000000000000e+04
4.249000000000000000e+03
4.095700000000000000e+04
9.514000000000000000e+03
1.120000000000000000e+04
1.050900000000000000e+04
2.504200000000000000e+04
1.952700000000000000e+04
4.819400000000000000e+04
2.005400000000000000e+04
4.762500000000000000e+04
1.461500000000000000e+04
4.395400000000000000e+04
3.515100000000000000e+04
2.341000000000000000e+04
4.613000000000000000e+04
4.696900000000000000e+04
3.589100000000000000e+04
8.595000000000000000e+03
2.369600000000000000e+04
9.884000000000000000e+03
4.905000000000000000e+03
1.068800000000000000e+04
2.483600000000000000e+04
4.864200000000000000e+04
4.167200000000000000e+04
4.211000000000000000e+03
2.682300000000000000e+04
2.254900000000000000e+04
1.760300000000000000e+04
4.615400000000000000e+04
2.963600000000000000e+04
3.067500000000000000e+04
4.612000000000000000e+03
2.337700000000000000e+04
1.460300000000000000e+04
6.601000000000000000e+03
1.018000000000000000e+03
1.917200000000000000e+04
8.655000000000000000e+03
4.988800000000000000e+04
1.726500000000000000e+04
7.430000000000000000e+02
2.937800000000000000e+04
3.556300000000000000e+04
2.872700000000000000e+04
1.155200000000000000e+04
1.880800000000000000e+04
4.679700000000000000e+04
3.368700000000000000e+04
2.867800000000000000e+04
1.196800000000000000e+04
4.564900000000000000e+04
2.009100000000000000e+04
1.051300000000000000e+04
4.181900000000000000e+04
3.051400000000000000e+04
3.967800000000000000e+04
1.406300000000000000e+04
1.628700000000000000e+04
4.997600000000000000e+04
2.161600000000000000e+04
4.826500000000000000e+04
4.561500000000000000e+04
1.773600000000000000e+04
2.908900000000000000e+04
1.882800000000000000e+04
3.289400000000000000e+04
3.810400000000000000e+04
1.944900000000000000e+04
4.333600000000000000e+04
3.961000000000000000e+03
1.656400000000000000e+04
1.544100000000000000e+04
2.423900000000000000e+04
3.453000000000000000e+04
4.837200000000000000e+04
1.936200000000000000e+04
3.553000000000000000e+04
6.675000000000000000e+03
2.519800000000000000e+04
5.865000000000000000e+03
2.225800000000000000e+04
1.665700000000000000e+04
4.091000000000000000e+03
2.438000000000000000e+03
4.641300000000000000e+04
1.990200000000000000e+04
4.003600000000000000e+04
4.325100000000000000e+04
3.445600000000000000e+04
4.674000000000000000e+04
2.508000000000000000e+04
2.488000000000000000e+03
4.630000000000000000e+03
3.086000000000000000e+04
2.723400000000000000e+04
2.263900000000000000e+04
4.193700000000000000e+04
3.342600000000000000e+04
1.015000000000000000e+03
2.116800000000000000e+04
2.072800000000000000e+04
1.025900000000000000e+04
3.054800000000000000e+04
2.992900000000000000e+04
8.545000000000000000e+03
1.266800000000000000e+04
2.859000000000000000e+04
2.705500000000000000e+04
2.376400000000000000e+04
2.405200000000000000e+04
4.110000000000000000e+03
3.336600000000000000e+04
2.324300000000000000e+04
1.610000000000000000e+02
4.212600000000000000e+04
1.542900000000000000e+04
8.077000000000000000e+03
3.516400000000000000e+04
9.009000000000000000e+03
2.598000000000000000e+03
1.784000000000000000e+03
1.067900000000000000e+04
6.573000000000000000e+03
1.207300000000000000e+04
4.825600000000000000e+04
7.460000000000000000e+03
3.429100000000000000e+04
4.512600000000000000e+04
2.324400000000000000e+04
3.778700000000000000e+04
4.831500000000000000e+04
3.149100000000000000e+04
4.362500000000000000e+04
3.129000000000000000e+04
1.538200000000000000e+04
4.965200000000000000e+04
2.774600000000000000e+04
1.312500000000000000e+04
7.677000000000000000e+03
2.422700000000000000e+04
1.836800000000000000e+04
1.406400000000000000e+04
3.282700000000000000e+04
2.656800000000000000e+04
3.981200000000000000e+04
8.495000000000000000e+03
4.267000000000000000e+03
2.895700000000000000e+04
3.360400000000000000e+04
4.622100000000000000e+04
2.100000000000000000e+02
1.256800000000000000e+04
2.267000000000000000e+04
4.418200000000000000e+04
4.964100000000000000e+04
4.693000000000000000e+04
4.658900000000000000e+04
4.004600000000000000e+04
1.763900000000000000e+04
3.434800000000000000e+04
1.490000000000000000e+03
4.012100000000000000e+04
1.889000000000000000e+03
1.346200000000000000e+04
1.346800000000000000e+04
3.632600000000000000e+04
1.566100000000000000e+04
3.170500000000000000e+04
2.215700000000000000e+04
1.518900000000000000e+04
2.476400000000000000e+04
6.935000000000000000e+03
1.379300000000000000e+04
4.047800000000000000e+04
4.525300000000000000e+04
7.316000000000000000e+03
2.520500000000000000e+04
4.947400000000000000e+04
2.288000000000000000e+04
1.920700000000000000e+04
1.025000000000000000e+03
4.067900000000000000e+04
4.513600000000000000e+04
6.566000000000000000e+03
3.089000000000000000e+04
1.354900000000000000e+04
3.565000000000000000e+04
1.906000000000000000e+04
3.816000000000000000e+04
3.749700000000000000e+04
2.116600000000000000e+04
4.994600000000000000e+04
4.042300000000000000e+04
1.813000000000000000e+03
4.127200000000000000e+04
6.201000000000000000e+03
1.886000000000000000e+03
3.408000000000000000e+04
3.551600000000000000e+04
1.098600000000000000e+04
2.713100000000000000e+04
4.194000000000000000e+04
6.703000000000000000e+03
2.414300000000000000e+04
4.697900000000000000e+04
3.717000000000000000e+04
1.418300000000000000e+04
2.320000000000000000e+04
4.452800000000000000e+04
3.656400000000000000e+04
1.445300000000000000e+04
1.676700000000000000e+04
2.207600000000000000e+04
9.352000000000000000e+03
1.236800000000000000e+04
1.260000000000000000e+04
3.340000000000000000e+03
2.908800000000000000e+04
6.000000000000000000e+00
4.543200000000000000e+04
4.896800000000000000e+04
1.611200000000000000e+04
1.370000000000000000e+02
2.120200000000000000e+04
1.581000000000000000e+03
3.375700000000000000e+04
2.677300000000000000e+04
2.235000000000000000e+03
2.064500000000000000e+04
3.174000000000000000e+04
2.435300000000000000e+04
1.003500000000000000e+04
2.760900000000000000e+04
4.701700000000000000e+04
1.291900000000000000e+04
4.523700000000000000e+04
3.584800000000000000e+04
4.827900000000000000e+04
3.538900000000000000e+04
4.272000000000000000e+03
3.069000000000000000e+04
3.859100000000000000e+04
2.207300000000000000e+04
4.345900000000000000e+04
3.104100000000000000e+04
2.707700000000000000e+04
1.732200000000000000e+04
2.180000000000000000e+02
3.633700000000000000e+04
4.448800000000000000e+04
4.264600000000000000e+04
3.508700000000000000e+04
5.826000000000000000e+03
1.107700000000000000e+04
8.333000000000000000e+03
4.095300000000000000e+04
2.973800000000000000e+04
3.277600000000000000e+04
3.512100000000000000e+04
3.005400000000000000e+04
3.391700000000000000e+04
1.020800000000000000e+04
4.741700000000000000e+04
2.776700000000000000e+04
4.372600000000000000e+04
3.549800000000000000e+04
5.877000000000000000e+03
2.646200000000000000e+04
3.836400000000000000e+04
1.227300000000000000e+04
1.015100000000000000e+04
4.813700000000000000e+04
3.085100000000000000e+04
4.724100000000000000e+04
1.266600000000000000e+04
5.104000000000000000e+03
4.934300000000000000e+04
4.554000000000000000e+03
2.501500000000000000e+04
4.290000000000000000e+03
2.363000000000000000e+03
4.238000000000000000e+03
2.845000000000000000e+04
5.205000000000000000e+03
4.827800000000000000e+04
8.882000000000000000e+03
3.022500000000000000e+04
2.388400000000000000e+04
3.696000000000000000e+03
2.311700000000000000e+04
2.757000000000000000e+04
1.444100000000000000e+04
4.810600000000000000e+04
2.595900000000000000e+04
6.898000000000000000e+03
2.980400000000000000e+04
7.760000000000000000e+03
3.354000000000000000e+03
1.836000000000000000e+04
2.248600000000000000e+04
1.431200000000000000e+04
2.813800000000000000e+04
4.461800000000000000e+04
3.115900000000000000e+04
4.314300000000000000e+04
1.382900000000000000e+04
4.177000000000000000e+03
3.330000000000000000e+04
2.762900000000000000e+04
2.845600000000000000e+04
2.728600000000000000e+04
3.972700000000000000e+04
3.115800000000000000e+04
4.819100000000000000e+04
1.606500000000000000e+04
7.700000000000000000e+01
4.298700000000000000e+04
7.566000000000000000e+03
2.044300000000000000e+04
5.827000000000000000e+03
1.008400000000000000e+04
2.629000000000000000e+04
5.859000000000000000e+03
2.989100000000000000e+04
2.755500000000000000e+04
8.933000000000000000e+03
2.396400000000000000e+04
2.046200000000000000e+04
3.224200000000000000e+04
1.155600000000000000e+04
2.701000000000000000e+04
4.068200000000000000e+04
2.775000000000000000e+03
1.153500000000000000e+04
6.238000000000000000e+03
2.329300000000000000e+04
2.946200000000000000e+04
2.471200000000000000e+04
1.600000000000000000e+04
1.035900000000000000e+04
2.088600000000000000e+04
7.971000000000000000e+03
2.786000000000000000e+04
7.083000000000000000e+03
8.560000000000000000e+02
3.060800000000000000e+04
4.601800000000000000e+04
2.589100000000000000e+04
2.663000000000000000e+04
7.142000000000000000e+03
4.787700000000000000e+04
2.118800000000000000e+04
4.649400000000000000e+04
3.972600000000000000e+04
2.140500000000000000e+04
2.724400000000000000e+04
9.821000000000000000e+03
8.460000000000000000e+03
8.248000000000000000e+03
2.015900000000000000e+04
3.361300000000000000e+04
4.466000000000000000e+03
4.373900000000000000e+04
4.128500000000000000e+04
1.897400000000000000e+04
2.017000000000000000e+03
9.398000000000000000e+03
4.378400000000000000e+04
1.826500000000000000e+04
2.560200000000000000e+04
3.554300000000000000e+04
2.975300000000000000e+04
4.213300000000000000e+04
3.769200000000000000e+04
3.862400000000000000e+04
1.635500000000000000e+04
2.061900000000000000e+04
4.072900000000000000e+04
3.660600000000000000e+04
7.930000000000000000e+02
4.002900000000000000e+04
1.889500000000000000e+04
1.803000000000000000e+04
2.259300000000000000e+04
2.137100000000000000e+04
2.399800000000000000e+04
4.848200000000000000e+04
2.924000000000000000e+04
2.760300000000000000e+04
6.222000000000000000e+03
4.876700000000000000e+04
1.475900000000000000e+04
3.303700000000000000e+04
2.907800000000000000e+04
3.950800000000000000e+04
4.190300000000000000e+04
4.116700000000000000e+04
2.756700000000000000e+04
3.369000000000000000e+03
3.431000000000000000e+04
2.108900000000000000e+04
3.126500000000000000e+04
4.657800000000000000e+04
1.567400000000000000e+04
4.895900000000000000e+04
3.747700000000000000e+04
1.229200000000000000e+04
4.002200000000000000e+04
3.489000000000000000e+03
4.038000000000000000e+03
4.563700000000000000e+04
2.031000000000000000e+03
2.493700000000000000e+04
1.232200000000000000e+04
2.608300000000000000e+04
3.879900000000000000e+04
1.917400000000000000e+04
2.113000000000000000e+04
2.590000000000000000e+03
3.841000000000000000e+03
2.117500000000000000e+04
2.669400000000000000e+04
3.567400000000000000e+04
1.374000000000000000e+03
1.191200000000000000e+04
3.603600000000000000e+04
3.958500000000000000e+04
3.693900000000000000e+04
1.461000000000000000e+04
3.162700000000000000e+04
4.855300000000000000e+04
1.999700000000000000e+04
3.259600000000000000e+04
2.054200000000000000e+04
2.617300000000000000e+04
2.154600000000000000e+04
2.933700000000000000e+04
1.237600000000000000e+04
2.741700000000000000e+04
4.277900000000000000e+04
5.210000000000000000e+03
6.270000000000000000e+02
4.746700000000000000e+04
1.365700000000000000e+04
2.391000000000000000e+03
3.301000000000000000e+03
8.463000000000000000e+03
7.250000000000000000e+02
9.996000000000000000e+03
2.660200000000000000e+04
2.909600000000000000e+04
2.355600000000000000e+04
8.040000000000000000e+02
1.152500000000000000e+04
4.086700000000000000e+04
1.483800000000000000e+04
3.175300000000000000e+04
3.329000000000000000e+03
2.360300000000000000e+04
7.814000000000000000e+03
1.598700000000000000e+04
4.616300000000000000e+04
2.908700000000000000e+04
2.392200000000000000e+04
1.114100000000000000e+04
2.643400000000000000e+04
2.282200000000000000e+04
4.150000000000000000e+02
3.646500000000000000e+04
3.665900000000000000e+04
4.247200000000000000e+04
3.310100000000000000e+04
7.180000000000000000e+02
2.401600000000000000e+04
3.486700000000000000e+04
4.337000000000000000e+04
4.631400000000000000e+04
3.072400000000000000e+04
2.762700000000000000e+04
3.062600000000000000e+04
2.811400000000000000e+04
2.976500000000000000e+04
2.956000000000000000e+04
1.551100000000000000e+04
1.651000000000000000e+04
1.022900000000000000e+04
1.589600000000000000e+04
2.562600000000000000e+04
5.274000000000000000e+03
1.073000000000000000e+04
4.439400000000000000e+04
3.900000000000000000e+03
1.854600000000000000e+04
4.269600000000000000e+04
4.013300000000000000e+04
1.343800000000000000e+04
3.295000000000000000e+04
3.136700000000000000e+04
1.974700000000000000e+04
3.922300000000000000e+04
3.668000000000000000e+03
4.479300000000000000e+04
1.055200000000000000e+04
8.295000000000000000e+03
4.216500000000000000e+04
3.699200000000000000e+04
2.349500000000000000e+04
4.351900000000000000e+04
8.850000000000000000e+02
4.126400000000000000e+04
4.339700000000000000e+04
2.994400000000000000e+04
3.103800000000000000e+04
4.048200000000000000e+04
8.610000000000000000e+02
2.970700000000000000e+04
1.692200000000000000e+04
4.804300000000000000e+04
4.787200000000000000e+04
4.389400000000000000e+04
2.203900000000000000e+04
1.433600000000000000e+04
1.212900000000000000e+04
4.366400000000000000e+04
6.179000000000000000e+03
3.352900000000000000e+04
1.013600000000000000e+04
4.994300000000000000e+04
1.606100000000000000e+04
7.900000000000000000e+03
4.397300000000000000e+04
7.873000000000000000e+03
4.797400000000000000e+04
1.166400000000000000e+04
4.271700000000000000e+04
3.004000000000000000e+03
1.222500000000000000e+04
4.183000000000000000e+03
4.574700000000000000e+04
1.415000000000000000e+04
4.504500000000000000e+04
2.836400000000000000e+04
3.425700000000000000e+04
3.027300000000000000e+04
2.119800000000000000e+04
3.288700000000000000e+04
2.759100000000000000e+04
2.066600000000000000e+04
1.591000000000000000e+04
2.829700000000000000e+04
5.625000000000000000e+03
3.459000000000000000e+03
3.807500000000000000e+04
8.640000000000000000e+02
3.511400000000000000e+04
2.072500000000000000e+04
3.345100000000000000e+04
4.502000000000000000e+04
2.557400000000000000e+04
1.059200000000000000e+04
3.688000000000000000e+03
2.477000000000000000e+03
1.244600000000000000e+04
2.222800000000000000e+04
4.125000000000000000e+04
2.106900000000000000e+04
3.346800000000000000e+04
8.048000000000000000e+03
2.355700000000000000e+04
1.066400000000000000e+04
2.061300000000000000e+04
4.040900000000000000e+04
2.729400000000000000e+04
1.094400000000000000e+04
2.430100000000000000e+04
9.020000000000000000e+03
4.447600000000000000e+04
2.403200000000000000e+04
4.242000000000000000e+04
4.533900000000000000e+04
2.173200000000000000e+04
3.482100000000000000e+04
2.771500000000000000e+04
3.041200000000000000e+04
3.589400000000000000e+04
3.199900000000000000e+04
1.796000000000000000e+03
1.209200000000000000e+04
6.839000000000000000e+03
6.900000000000000000e+01
2.977000000000000000e+04
3.669900000000000000e+04
4.598400000000000000e+04
2.775400000000000000e+04
1.544300000000000000e+04
7.844000000000000000e+03
1.396600000000000000e+04
4.353200000000000000e+04
4.499400000000000000e+04
3.260500000000000000e+04
2.129000000000000000e+03
3.832800000000000000e+04
4.521900000000000000e+04
4.063100000000000000e+04
6.677000000000000000e+03
3.010000000000000000e+02
4.552000000000000000e+04
3.953000000000000000e+03
6.240000000000000000e+03
5.239000000000000000e+03
1.100000000000000000e+02
1.366500000000000000e+04
4.682500000000000000e+04
3.682100000000000000e+04
4.846700000000000000e+04
1.927600000000000000e+04
3.943400000000000000e+04
1.434600000000000000e+04
3.258100000000000000e+04
1.402100000000000000e+04
3.833800000000000000e+04
1.119100000000000000e+04
1.473000000000000000e+04
4.316800000000000000e+04
8.327000000000000000e+03
3.600300000000000000e+04
1.681400000000000000e+04
2.151300000000000000e+04
3.846500000000000000e+04
2.818400000000000000e+04
2.492200000000000000e+04
4.166000000000000000e+03
3.051000000000000000e+04
5.662000000000000000e+03
3.771000000000000000e+03
4.910800000000000000e+04
3.300300000000000000e+04
4.794500000000000000e+04
1.703100000000000000e+04
2.609000000000000000e+03
2.654000000000000000e+04
3.441400000000000000e+04
3.785700000000000000e+04
2.260800000000000000e+04
3.604700000000000000e+04
2.336900000000000000e+04
3.945100000000000000e+04
3.149000000000000000e+03
3.264900000000000000e+04
2.809600000000000000e+04
4.404600000000000000e+04
4.592300000000000000e+04
2.998700000000000000e+04
3.039900000000000000e+04
4.532300000000000000e+04
1.284500000000000000e+04
4.344900000000000000e+04
4.162300000000000000e+04
4.228500000000000000e+04
6.440000000000000000e+03
1.787400000000000000e+04
3.661600000000000000e+04
1.397100000000000000e+04
6.221000000000000000e+03
2.402100000000000000e+04
4.794400000000000000e+04
1.339800000000000000e+04
4.359200000000000000e+04
4.094700000000000000e+04
2.806000000000000000e+04
9.726000000000000000e+03
2.880000000000000000e+02
2.956900000000000000e+04
3.079400000000000000e+04
2.498300000000000000e+04
4.908300000000000000e+04
3.564200000000000000e+04
2.919300000000000000e+04
2.750000000000000000e+04
4.620200000000000000e+04
5.444000000000000000e+03
1.305900000000000000e+04
2.615600000000000000e+04
2.209800000000000000e+04
4.364300000000000000e+04
4.328400000000000000e+04
4.812800000000000000e+04
4.245900000000000000e+04
3.048200000000000000e+04
3.042100000000000000e+04
4.501500000000000000e+04
4.395300000000000000e+04
1.715100000000000000e+04
4.746800000000000000e+04
4.556000000000000000e+04
3.864700000000000000e+04
6.439000000000000000e+03
3.516800000000000000e+04
1.862500000000000000e+04
2.653500000000000000e+04
4.554200000000000000e+04
3.758200000000000000e+04
4.383800000000000000e+04
2.562800000000000000e+04
3.861800000000000000e+04
4.838500000000000000e+04
5.687000000000000000e+03
4.539700000000000000e+04
1.456700000000000000e+04
1.008000000000000000e+04
1.867100000000000000e+04
2.609000000000000000e+04
4.290000000000000000e+04
1.718000000000000000e+03
2.979600000000000000e+04
2.973000000000000000e+04
3.643200000000000000e+04
5.940000000000000000e+02
3.074000000000000000e+03
2.629200000000000000e+04
4.030600000000000000e+04
4.606500000000000000e+04
4.907400000000000000e+04
2.758200000000000000e+04
4.128400000000000000e+04
6.945000000000000000e+03
3.476200000000000000e+04
3.728800000000000000e+04
4.305800000000000000e+04
1.461000000000000000e+03
2.323900000000000000e+04
1.182000000000000000e+03
4.081000000000000000e+04
4.398400000000000000e+04
4.299300000000000000e+04
2.522800000000000000e+04
1.615400000000000000e+04
3.108600000000000000e+04
1.945900000000000000e+04
3.310000000000000000e+03
3.072900000000000000e+04
9.695000000000000000e+03
2.002600000000000000e+04
4.619000000000000000e+03
4.786800000000000000e+04
3.967400000000000000e+04
1.929300000000000000e+04
4.966900000000000000e+04
7.183000000000000000e+03
3.343900000000000000e+04
4.270000000000000000e+04
3.843900000000000000e+04
3.935100000000000000e+04
2.459400000000000000e+04
3.535700000000000000e+04
3.293300000000000000e+04
2.022200000000000000e+04
4.820000000000000000e+03
8.212000000000000000e+03
4.079200000000000000e+04
1.900600000000000000e+04
3.744100000000000000e+04
1.057200000000000000e+04
4.109200000000000000e+04
2.442100000000000000e+04
3.132900000000000000e+04
4.743500000000000000e+04
7.705000000000000000e+03
3.943900000000000000e+04
2.547600000000000000e+04
4.688300000000000000e+04
3.107000000000000000e+03
4.766000000000000000e+03
3.767500000000000000e+04
3.889500000000000000e+04
2.478700000000000000e+04
4.212200000000000000e+04
3.862000000000000000e+04
1.512600000000000000e+04
2.662100000000000000e+04
1.432700000000000000e+04
3.028600000000000000e+04
4.129100000000000000e+04
8.994000000000000000e+03
2.549000000000000000e+03
2.293600000000000000e+04
4.009300000000000000e+04
7.057000000000000000e+03
2.166300000000000000e+04
3.237100000000000000e+04
2.673900000000000000e+04
1.538000000000000000e+03
9.883000000000000000e+03
3.713000000000000000e+04
2.546900000000000000e+04
2.463700000000000000e+04
8.270000000000000000e+02
1.465400000000000000e+04
1.047000000000000000e+03
3.520000000000000000e+02
1.887300000000000000e+04
4.943000000000000000e+04
2.759200000000000000e+04
9.468000000000000000e+03
9.684000000000000000e+03
2.170200000000000000e+04
2.811600000000000000e+04
2.794400000000000000e+04
1.610900000000000000e+04
8.932000000000000000e+03
3.916600000000000000e+04
1.437500000000000000e+04
6.530000000000000000e+03
4.733700000000000000e+04
2.729200000000000000e+04
3.868600000000000000e+04
1.030800000000000000e+04
2.839300000000000000e+04
5.899000000000000000e+03
4.707800000000000000e+04
2.857800000000000000e+04
1.110000000000000000e+03
3.429300000000000000e+04
1.237700000000000000e+04
2.217500000000000000e+04
6.503000000000000000e+03
6.012000000000000000e+03
2.930700000000000000e+04
5.080000000000000000e+03
2.707600000000000000e+04
2.330300000000000000e+04
5.900000000000000000e+01
2.135300000000000000e+04
7.324000000000000000e+03
4.828600000000000000e+04
2.986300000000000000e+04
1.085800000000000000e+04
3.527100000000000000e+04
1.721800000000000000e+04
1.023400000000000000e+04
4.303800000000000000e+04
3.323000000000000000e+04
2.726200000000000000e+04
4.998900000000000000e+04
3.325500000000000000e+04
4.739500000000000000e+04
2.281600000000000000e+04
4.411400000000000000e+04
2.945000000000000000e+03
4.618800000000000000e+04
1.825800000000000000e+04
2.988300000000000000e+04
2.030000000000000000e+03
4.839200000000000000e+04
3.562000000000000000e+03
5.820000000000000000e+03
1.996500000000000000e+04
3.759000000000000000e+04
7.107000000000000000e+03
4.033000000000000000e+03
3.744000000000000000e+04
1.686000000000000000e+04
4.240800000000000000e+04
1.244000000000000000e+03
3.229000000000000000e+03
3.737700000000000000e+04
8.280000000000000000e+03
2.694700000000000000e+04
2.998000000000000000e+03
1.746800000000000000e+04
2.782800000000000000e+04
4.658100000000000000e+04
2.542800000000000000e+04
4.020200000000000000e+04
7.830000000000000000e+03
1.815400000000000000e+04
4.998700000000000000e+04
2.310100000000000000e+04
4.158000000000000000e+03
3.353500000000000000e+04
4.445000000000000000e+03
7.113000000000000000e+03
2.083200000000000000e+04
4.359900000000000000e+04
2.221400000000000000e+04
4.489200000000000000e+04
2.383700000000000000e+04
1.466800000000000000e+04
4.389200000000000000e+04
2.042000000000000000e+04
2.621900000000000000e+04
1.684800000000000000e+04
3.787400000000000000e+04
4.645000000000000000e+04
2.017700000000000000e+04
3.404900000000000000e+04
2.136500000000000000e+04
1.574400000000000000e+04
1.351700000000000000e+04
2.260400000000000000e+04
1.279800000000000000e+04
5.905000000000000000e+03
3.970000000000000000e+03
3.085000000000000000e+04
1.154300000000000000e+04
3.051000000000000000e+03
2.512600000000000000e+04
4.533000000000000000e+04
3.052400000000000000e+04
1.538300000000000000e+04
1.320800000000000000e+04
2.318000000000000000e+04
4.720900000000000000e+04
2.192400000000000000e+04
2.327000000000000000e+04
5.125000000000000000e+03
2.955100000000000000e+04
3.797000000000000000e+03
3.220000000000000000e+02
2.940000000000000000e+03
2.335700000000000000e+04
2.843700000000000000e+04
3.653000000000000000e+04
4.555500000000000000e+04
2.086100000000000000e+04
2.647400000000000000e+04
4.960100000000000000e+04
3.307600000000000000e+04
9.472000000000000000e+03
1.640700000000000000e+04
4.432000000000000000e+04
2.234200000000000000e+04
2.424100000000000000e+04
3.662100000000000000e+04
2.891400000000000000e+04
3.036800000000000000e+04
3.191500000000000000e+04
3.936600000000000000e+04
9.093000000000000000e+03
3.916500000000000000e+04
4.166000000000000000e+04
3.828000000000000000e+03
2.550700000000000000e+04
4.463800000000000000e+04
4.361200000000000000e+04
2.581100000000000000e+04
2.356200000000000000e+04
2.101800000000000000e+04
3.825000000000000000e+04
3.916200000000000000e+04
2.711900000000000000e+04
8.474000000000000000e+03
1.914400000000000000e+04
8.851000000000000000e+03
3.301800000000000000e+04
3.502800000000000000e+04
2.240100000000000000e+04
2.466700000000000000e+04
1.976300000000000000e+04
2.620400000000000000e+04
8.205000000000000000e+03
1.981700000000000000e+04
2.875200000000000000e+04
1.528700000000000000e+04
9.107000000000000000e+03
2.619000000000000000e+04
1.273900000000000000e+04
2.108000000000000000e+03
4.258700000000000000e+04
3.548400000000000000e+04
3.454700000000000000e+04
2.148100000000000000e+04
2.851500000000000000e+04
4.125400000000000000e+04
3.073600000000000000e+04
1.730900000000000000e+04
1.668900000000000000e+04
3.252600000000000000e+04
8.989000000000000000e+03
1.420300000000000000e+04
3.736900000000000000e+04
4.297000000000000000e+04
3.680900000000000000e+04
1.575800000000000000e+04
4.423800000000000000e+04
8.423000000000000000e+03
1.449700000000000000e+04
4.703900000000000000e+04
1.183700000000000000e+04
1.672300000000000000e+04
4.787800000000000000e+04
1.858000000000000000e+03
6.822000000000000000e+03
3.553900000000000000e+04
3.945500000000000000e+04
7.917000000000000000e+03
1.169700000000000000e+04
3.183900000000000000e+04
3.360000000000000000e+03
3.866000000000000000e+03
3.551000000000000000e+04
2.453500000000000000e+04
1.743700000000000000e+04
1.969000000000000000e+03
4.154400000000000000e+04
4.625000000000000000e+03
1.365000000000000000e+04
2.772900000000000000e+04
2.370100000000000000e+04
5.530000000000000000e+03
4.251000000000000000e+03
4.086200000000000000e+04
5.244000000000000000e+03
4.198800000000000000e+04
4.477000000000000000e+04
2.708300000000000000e+04
4.135600000000000000e+04
4.052900000000000000e+04
2.454600000000000000e+04
3.417100000000000000e+04
3.796000000000000000e+04
1.704700000000000000e+04
3.089400000000000000e+04
1.480100000000000000e+04
3.852800000000000000e+04
2.556500000000000000e+04
6.758000000000000000e+03
3.946200000000000000e+04
1.110800000000000000e+04
3.694400000000000000e+04
4.102900000000000000e+04
2.336000000000000000e+04
3.733000000000000000e+03
4.260400000000000000e+04
2.490600000000000000e+04
1.055800000000000000e+04
1.715000000000000000e+03
4.019900000000000000e+04
2.350900000000000000e+04
4.538000000000000000e+04
7.860000000000000000e+03
2.782300000000000000e+04
3.177500000000000000e+04
1.932200000000000000e+04
1.539700000000000000e+04
1.435100000000000000e+04
2.031600000000000000e+04
1.980000000000000000e+02
2.321500000000000000e+04
2.086000000000000000e+03
1.605200000000000000e+04
2.068400000000000000e+04
1.200000000000000000e+04
4.899000000000000000e+04
4.860800000000000000e+04
6.996000000000000000e+03
3.599400000000000000e+04
1.231200000000000000e+04
2.702800000000000000e+04
3.653200000000000000e+04
3.610400000000000000e+04
1.188100000000000000e+04
4.145900000000000000e+04
4.549100000000000000e+04
3.680300000000000000e+04
3.812800000000000000e+04
4.476000000000000000e+03
2.484700000000000000e+04
4.369000000000000000e+04
6.169000000000000000e+03
9.663000000000000000e+03
5.536000000000000000e+03
4.903200000000000000e+04
9.542000000000000000e+03
4.657200000000000000e+04
1.144000000000000000e+04
4.080000000000000000e+04
2.847000000000000000e+03
4.615500000000000000e+04
3.420000000000000000e+04
4.782900000000000000e+04
3.370600000000000000e+04
3.247200000000000000e+04
1.506500000000000000e+04
6.975000000000000000e+03
1.723600000000000000e+04
4.431400000000000000e+04
3.992300000000000000e+04
9.349000000000000000e+03
1.997700000000000000e+04
2.946500000000000000e+04
3.298200000000000000e+04
3.648400000000000000e+04
1.436400000000000000e+04
3.984700000000000000e+04
1.625500000000000000e+04
3.072600000000000000e+04
1.211600000000000000e+04
7.701000000000000000e+03
7.004000000000000000e+03
2.386500000000000000e+04
2.644700000000000000e+04
3.392700000000000000e+04
1.129700000000000000e+04
1.707700000000000000e+04
1.683900000000000000e+04
2.480300000000000000e+04
7.400000000000000000e+01
1.170700000000000000e+04
2.707000000000000000e+04
3.940700000000000000e+04
2.021000000000000000e+03
2.669700000000000000e+04
2.267700000000000000e+04
4.695800000000000000e+04
1.179000000000000000e+03
4.157000000000000000e+04
4.842000000000000000e+04
1.254700000000000000e+04
2.352400000000000000e+04
1.957700000000000000e+04
1.019500000000000000e+04
3.374000000000000000e+03
2.090000000000000000e+03
1.925300000000000000e+04
2.004000000000000000e+03
4.756000000000000000e+03
3.330000000000000000e+02
1.425600000000000000e+04
1.354000000000000000e+03
1.441800000000000000e+04
5.977000000000000000e+03
8.279000000000000000e+03
3.235300000000000000e+04
2.922900000000000000e+04
3.114300000000000000e+04
1.383200000000000000e+04
3.825700000000000000e+04
4.065100000000000000e+04
9.072000000000000000e+03
2.390400000000000000e+04
3.543000000000000000e+04
3.237200000000000000e+04
3.939300000000000000e+04
2.662200000000000000e+04
4.414900000000000000e+04
1.718400000000000000e+04
2.313300000000000000e+04
1.761400000000000000e+04
3.760000000000000000e+04
4.274900000000000000e+04
2.049300000000000000e+04
4.090300000000000000e+04
3.937100000000000000e+04
2.003500000000000000e+04
4.220500000000000000e+04
2.922300000000000000e+04
3.952600000000000000e+04
9.952000000000000000e+03
2.518000000000000000e+04
1.279500000000000000e+04
3.170000000000000000e+04
4.792100000000000000e+04
1.065200000000000000e+04
4.650000000000000000e+03
3.414100000000000000e+04
5.024000000000000000e+03
2.548900000000000000e+04
4.058300000000000000e+04
2.536400000000000000e+04
1.227800000000000000e+04
4.324000000000000000e+04
1.014600000000000000e+04
4.222700000000000000e+04
5.055000000000000000e+03
4.257400000000000000e+04
8.364000000000000000e+03
1.427700000000000000e+04
4.964800000000000000e+04
1.669100000000000000e+04
3.699900000000000000e+04
4.127100000000000000e+04
2.568100000000000000e+04
5.048000000000000000e+03
4.005300000000000000e+04
3.493300000000000000e+04
4.660100000000000000e+04
1.793300000000000000e+04
4.248500000000000000e+04
3.212200000000000000e+04
4.148400000000000000e+04
4.972800000000000000e+04
1.398000000000000000e+03
5.127000000000000000e+03
8.360000000000000000e+03
2.778200000000000000e+04
2.278000000000000000e+04
1.901000000000000000e+03
5.585000000000000000e+03
1.715000000000000000e+04
4.084300000000000000e+04
1.208000000000000000e+03
1.816900000000000000e+04
2.376600000000000000e+04
2.393100000000000000e+04
3.954300000000000000e+04
4.398500000000000000e+04
1.691600000000000000e+04
5.156000000000000000e+03
4.051400000000000000e+04
3.388600000000000000e+04
3.776900000000000000e+04
2.031200000000000000e+04
1.252000000000000000e+04
3.100800000000000000e+04
7.561000000000000000e+03
2.955400000000000000e+04
2.626300000000000000e+04
4.824100000000000000e+04
1.795000000000000000e+03
3.611200000000000000e+04
4.070400000000000000e+04
4.944600000000000000e+04
2.646800000000000000e+04
3.078800000000000000e+04
1.669800000000000000e+04
8.606000000000000000e+03
4.545900000000000000e+04
2.402000000000000000e+03
1.592800000000000000e+04
2.256500000000000000e+04
8.209000000000000000e+03
2.320200000000000000e+04
1.457500000000000000e+04
3.215100000000000000e+04
3.780300000000000000e+04
4.566500000000000000e+04
4.652800000000000000e+04
2.742700000000000000e+04
1.194500000000000000e+04
2.958900000000000000e+04
4.059300000000000000e+04
1.540900000000000000e+04
1.524700000000000000e+04
2.425000000000000000e+04
2.098000000000000000e+03
1.957500000000000000e+04
3.790000000000000000e+04
5.421000000000000000e+03
2.187100000000000000e+04
5.022000000000000000e+03
3.542700000000000000e+04
1.054800000000000000e+04
4.081000000000000000e+03
1.317100000000000000e+04
1.120400000000000000e+04
4.450800000000000000e+04
2.056900000000000000e+04
1.517300000000000000e+04
1.866600000000000000e+04
3.411400000000000000e+04
1.841200000000000000e+04
3.887000000000000000e+04
1.021900000000000000e+04
9.006000000000000000e+03
2.780400000000000000e+04
2.948000000000000000e+03
3.549900000000000000e+04
2.746800000000000000e+04
6.327000000000000000e+03
6.420000000000000000e+02
1.281800000000000000e+04
2.490400000000000000e+04
2.701400000000000000e+04
3.664200000000000000e+04
1.965000000000000000e+03
1.116700000000000000e+04
2.206000000000000000e+03
1.243200000000000000e+04
4.629300000000000000e+04
4.540500000000000000e+04
3.794600000000000000e+04
9.741000000000000000e+03
4.606900000000000000e+04
6.334000000000000000e+03
3.242100000000000000e+04
2.747700000000000000e+04
3.437200000000000000e+04
4.177000000000000000e+04
4.146100000000000000e+04
1.526700000000000000e+04
4.059500000000000000e+04
2.511600000000000000e+04
3.424200000000000000e+04
9.387000000000000000e+03
2.540700000000000000e+04
1.891000000000000000e+03
3.820700000000000000e+04
1.352000000000000000e+03
3.189300000000000000e+04
1.505600000000000000e+04
4.590200000000000000e+04
1.410000000000000000e+04
2.696700000000000000e+04
4.686000000000000000e+03
3.859700000000000000e+04
4.858300000000000000e+04
4.948300000000000000e+04
1.952100000000000000e+04
3.874700000000000000e+04
1.007900000000000000e+04
4.077400000000000000e+04
2.720700000000000000e+04
9.625000000000000000e+03
3.354200000000000000e+04
4.280400000000000000e+04
1.321900000000000000e+04
3.476000000000000000e+03
4.758900000000000000e+04
2.833500000000000000e+04
2.029100000000000000e+04
3.129600000000000000e+04
1.908600000000000000e+04
1.407800000000000000e+04
1.665200000000000000e+04
2.398900000000000000e+04
4.747200000000000000e+04
1.495200000000000000e+04
2.330000000000000000e+03
4.822800000000000000e+04
3.080000000000000000e+04
1.800100000000000000e+04
5.695000000000000000e+03
1.321100000000000000e+04
3.520800000000000000e+04
1.896900000000000000e+04
6.505000000000000000e+03
4.527600000000000000e+04
1.015600000000000000e+04
3.847100000000000000e+04
4.427500000000000000e+04
3.784900000000000000e+04
3.218800000000000000e+04
8.974000000000000000e+03
4.789000000000000000e+03
1.421700000000000000e+04
4.716200000000000000e+04
2.640000000000000000e+04
2.026500000000000000e+04
2.791200000000000000e+04
4.657000000000000000e+03
3.113300000000000000e+04
4.608800000000000000e+04
2.081200000000000000e+04
1.857700000000000000e+04
1.136000000000000000e+03
4.482800000000000000e+04
3.502100000000000000e+04
4.000000000000000000e+00
3.979500000000000000e+04
4.625100000000000000e+04
3.677900000000000000e+04
1.979700000000000000e+04
2.107000000000000000e+03
2.472700000000000000e+04
4.072300000000000000e+04
4.947900000000000000e+04
1.982400000000000000e+04
3.922000000000000000e+03
3.024000000000000000e+04
2.936500000000000000e+04
3.423700000000000000e+04
4.196600000000000000e+04
3.659000000000000000e+04
1.649100000000000000e+04
6.777000000000000000e+03
4.225000000000000000e+04
3.164700000000000000e+04
2.345100000000000000e+04
3.009000000000000000e+04
1.272400000000000000e+04
2.662400000000000000e+04
3.587200000000000000e+04
3.007100000000000000e+04
2.066700000000000000e+04
2.206000000000000000e+04
3.451700000000000000e+04
1.478600000000000000e+04
3.369400000000000000e+04
4.718900000000000000e+04
1.511600000000000000e+04
3.187400000000000000e+04
1.544800000000000000e+04
7.598000000000000000e+03
2.623300000000000000e+04
2.247500000000000000e+04
3.978600000000000000e+04
1.150400000000000000e+04
2.205700000000000000e+04
2.078500000000000000e+04
2.571000000000000000e+03
1.315800000000000000e+04
3.524400000000000000e+04
1.545500000000000000e+04
1.818000000000000000e+03
4.768800000000000000e+04
2.984800000000000000e+04
2.980000000000000000e+03
4.992700000000000000e+04
1.991100000000000000e+04
1.889400000000000000e+04
2.921500000000000000e+04
1.687600000000000000e+04
1.054700000000000000e+04
3.496900000000000000e+04
2.226100000000000000e+04
6.525000000000000000e+03
2.177100000000000000e+04
6.210000000000000000e+02
7.502000000000000000e+03
2.016900000000000000e+04
4.249400000000000000e+04
3.187000000000000000e+04
3.408400000000000000e+04
3.879100000000000000e+04
3.288100000000000000e+04
4.680600000000000000e+04
1.030000000000000000e+04
4.501400000000000000e+04
4.453100000000000000e+04
1.113300000000000000e+04
2.299600000000000000e+04
6.617000000000000000e+03
1.827000000000000000e+03
1.908000000000000000e+03
1.173300000000000000e+04
3.582300000000000000e+04
3.238000000000000000e+03
4.420500000000000000e+04
1.156300000000000000e+04
2.128800000000000000e+04
4.391500000000000000e+04
3.637400000000000000e+04
4.894600000000000000e+04
2.429300000000000000e+04
3.010800000000000000e+04
4.508400000000000000e+04
1.737000000000000000e+04
3.510000000000000000e+03
1.413900000000000000e+04
4.367200000000000000e+04
1.467900000000000000e+04
1.732100000000000000e+04
1.430500000000000000e+04
2.674900000000000000e+04
1.699900000000000000e+04
8.640000000000000000e+03
3.650600000000000000e+04
2.774300000000000000e+04
1.335400000000000000e+04
4.796500000000000000e+04
2.566500000000000000e+04
2.380700000000000000e+04
4.654800000000000000e+04
4.281000000000000000e+04
1.847000000000000000e+03
4.355400000000000000e+04
1.506900000000000000e+04
4.880800000000000000e+04
9.140000000000000000e+03
1.762000000000000000e+03
1.659000000000000000e+03
1.049500000000000000e+04
4.448200000000000000e+04
3.311100000000000000e+04
3.275500000000000000e+04
3.325200000000000000e+04
1.883400000000000000e+04
1.988500000000000000e+04
2.660400000000000000e+04
4.854400000000000000e+04
2.305500000000000000e+04
1.039200000000000000e+04
2.881000000000000000e+04
4.316200000000000000e+04
4.615300000000000000e+04
3.300600000000000000e+04
8.306000000000000000e+03
3.101200000000000000e+04
4.581400000000000000e+04
4.386100000000000000e+04
1.086000000000000000e+04
2.318700000000000000e+04
2.526500000000000000e+04
7.629000000000000000e+03
4.269700000000000000e+04
4.131600000000000000e+04
1.412300000000000000e+04
1.132000000000000000e+03
3.151100000000000000e+04
4.980000000000000000e+03
2.426200000000000000e+04
1.268500000000000000e+04
5.978000000000000000e+03
2.326700000000000000e+04
4.825400000000000000e+04
4.234800000000000000e+04
2.975000000000000000e+04
2.335500000000000000e+04
5.157000000000000000e+03
3.609500000000000000e+04
2.447200000000000000e+04
3.104600000000000000e+04
4.248600000000000000e+04
3.035600000000000000e+04
3.941600000000000000e+04
4.046700000000000000e+04
3.350100000000000000e+04
3.539200000000000000e+04
2.647100000000000000e+04
2.239200000000000000e+04
1.602600000000000000e+04
1.522700000000000000e+04
3.012400000000000000e+04
4.554900000000000000e+04
2.990300000000000000e+04
4.523000000000000000e+04
2.156900000000000000e+04
4.791000000000000000e+03
3.421000000000000000e+04
4.688100000000000000e+04
5.901000000000000000e+03
6.590000000000000000e+03
3.820000000000000000e+03
1.306400000000000000e+04
4.033000000000000000e+04
2.941000000000000000e+04
1.440200000000000000e+04
4.720800000000000000e+04
4.244000000000000000e+04
2.603400000000000000e+04
2.653300000000000000e+04
4.152100000000000000e+04
4.342000000000000000e+03
3.600900000000000000e+04
1.261800000000000000e+04
4.943100000000000000e+04
3.511000000000000000e+03
3.786700000000000000e+04
2.241000000000000000e+03
3.130300000000000000e+04
4.041700000000000000e+04
3.159200000000000000e+04
2.020500000000000000e+04
1.379500000000000000e+04
7.697000000000000000e+03
4.522600000000000000e+04
1.126700000000000000e+04
3.407900000000000000e+04
4.150900000000000000e+04
1.274000000000000000e+03
4.085200000000000000e+04
4.969300000000000000e+04
2.828300000000000000e+04
4.080900000000000000e+04
1.899900000000000000e+04
4.661400000000000000e+04
4.073900000000000000e+04
2.953500000000000000e+04
1.052800000000000000e+04
2.058600000000000000e+04
3.751900000000000000e+04
1.851600000000000000e+04
4.699500000000000000e+04
3.173800000000000000e+04
4.424500000000000000e+04
1.475100000000000000e+04
2.262900000000000000e+04
8.800000000000000000e+01
4.641200000000000000e+04
2.835000000000000000e+04
1.225700000000000000e+04
8.589000000000000000e+03
1.273400000000000000e+04
4.210000000000000000e+03
1.676200000000000000e+04
3.513100000000000000e+04
4.116800000000000000e+04
1.766400000000000000e+04
2.103400000000000000e+04
1.685000000000000000e+03
1.727200000000000000e+04
2.175600000000000000e+04
3.928000000000000000e+03
2.653400000000000000e+04
3.915600000000000000e+04
3.716500000000000000e+04
2.545400000000000000e+04
4.952100000000000000e+04
4.514500000000000000e+04
1.658800000000000000e+04
1.492800000000000000e+04
3.528100000000000000e+04
4.043100000000000000e+04
3.699000000000000000e+03
7.514000000000000000e+03
4.982900000000000000e+04
1.993800000000000000e+04
4.015500000000000000e+04
1.694700000000000000e+04
3.467400000000000000e+04
4.591300000000000000e+04
4.336000000000000000e+04
1.398200000000000000e+04
1.965100000000000000e+04
2.127900000000000000e+04
3.508000000000000000e+04
4.611800000000000000e+04
3.126300000000000000e+04
2.547900000000000000e+04
3.844200000000000000e+04
4.119600000000000000e+04
3.500700000000000000e+04
2.587000000000000000e+03
2.401300000000000000e+04
1.005000000000000000e+03
2.403100000000000000e+04
1.029800000000000000e+04
4.484900000000000000e+04
1.414100000000000000e+04
3.705100000000000000e+04
1.201800000000000000e+04
7.400000000000000000e+02
6.872000000000000000e+03
2.978700000000000000e+04
3.882400000000000000e+04
2.363100000000000000e+04
3.129700000000000000e+04
3.243100000000000000e+04
1.344800000000000000e+04
1.975000000000000000e+03
2.093500000000000000e+04
3.755800000000000000e+04
3.375200000000000000e+04
3.374500000000000000e+04
2.822500000000000000e+04
8.436000000000000000e+03
9.653000000000000000e+03
1.498400000000000000e+04
1.728400000000000000e+04
1.015800000000000000e+04
1.885300000000000000e+04
1.776400000000000000e+04
2.231000000000000000e+04
1.998000000000000000e+03
4.422600000000000000e+04
1.237800000000000000e+04
6.110000000000000000e+02
4.575000000000000000e+04
4.613200000000000000e+04
3.068200000000000000e+04
2.849600000000000000e+04
1.301400000000000000e+04
3.876200000000000000e+04
2.472300000000000000e+04
4.835100000000000000e+04
2.833600000000000000e+04
4.040600000000000000e+04
1.639800000000000000e+04
3.727700000000000000e+04
2.772100000000000000e+04
9.773000000000000000e+03
4.360000000000000000e+02
2.172500000000000000e+04
4.955000000000000000e+03
1.946000000000000000e+03
1.278600000000000000e+04
5.303000000000000000e+03
4.801600000000000000e+04
6.664000000000000000e+03
2.918300000000000000e+04
4.715300000000000000e+04
1.186400000000000000e+04
1.199700000000000000e+04
1.447300000000000000e+04
4.718000000000000000e+03
4.774900000000000000e+04
3.834300000000000000e+04
1.104100000000000000e+04
9.626000000000000000e+03
2.542000000000000000e+04
9.860000000000000000e+03
4.480100000000000000e+04
1.202100000000000000e+04
2.694600000000000000e+04
1.554600000000000000e+04
4.717900000000000000e+04
4.606700000000000000e+04
4.676500000000000000e+04
2.539600000000000000e+04
1.486200000000000000e+04
7.694000000000000000e+03
2.372000000000000000e+03
2.508600000000000000e+04
8.161000000000000000e+03
2.226800000000000000e+04
2.251200000000000000e+04
4.702500000000000000e+04
4.981400000000000000e+04
1.662000000000000000e+03
3.615500000000000000e+04
1.222300000000000000e+04
2.301900000000000000e+04
8.084000000000000000e+03
2.440000000000000000e+02
9.053000000000000000e+03
3.473500000000000000e+04
2.920600000000000000e+04
4.986800000000000000e+04
4.537100000000000000e+04
3.773000000000000000e+03
3.263600000000000000e+04
1.295000000000000000e+03
4.989800000000000000e+04
4.088000000000000000e+03
3.386400000000000000e+04
1.698300000000000000e+04
3.536700000000000000e+04
3.546400000000000000e+04
1.378400000000000000e+04
1.320900000000000000e+04
4.159200000000000000e+04
4.022200000000000000e+04
6.087000000000000000e+03
4.205700000000000000e+04
2.712400000000000000e+04
1.516400000000000000e+04
6.674000000000000000e+03
1.090100000000000000e+04
2.394000000000000000e+04
2.765400000000000000e+04
2.103500000000000000e+04
1.873000000000000000e+04
7.740000000000000000e+02
2.800500000000000000e+04
2.816700000000000000e+04
2.542300000000000000e+04
4.859800000000000000e+04
4.350500000000000000e+04
7.312000000000000000e+03
2.982100000000000000e+04
2.198300000000000000e+04
1.120800000000000000e+04
2.475000000000000000e+04
2.953100000000000000e+04
3.803400000000000000e+04
1.847000000000000000e+04
1.164300000000000000e+04
8.948000000000000000e+03
4.713700000000000000e+04
3.597100000000000000e+04
2.656500000000000000e+04
3.050800000000000000e+04
2.827000000000000000e+04
3.711800000000000000e+04
2.091500000000000000e+04
4.149300000000000000e+04
3.496500000000000000e+04
3.268000000000000000e+04
4.180800000000000000e+04
1.062000000000000000e+03
2.544900000000000000e+04
2.902600000000000000e+04
1.229000000000000000e+04
2.738800000000000000e+04
2.703000000000000000e+03
4.144900000000000000e+04
1.985800000000000000e+04
2.902000000000000000e+04
2.421500000000000000e+04
3.848800000000000000e+04
4.542300000000000000e+04
4.136200000000000000e+04
2.580000000000000000e+02
6.853000000000000000e+03
2.413000000000000000e+04
1.640900000000000000e+04
2.040000000000000000e+03
5.235000000000000000e+03
3.813600000000000000e+04
3.774200000000000000e+04
2.970900000000000000e+04
3.425600000000000000e+04
4.752800000000000000e+04
3.860300000000000000e+04
1.882300000000000000e+04
2.077400000000000000e+04
3.317600000000000000e+04
1.325000000000000000e+04
2.430400000000000000e+04
3.212700000000000000e+04
2.606100000000000000e+04
2.764600000000000000e+04
4.237200000000000000e+04
4.286500000000000000e+04
8.482000000000000000e+03
4.101300000000000000e+04
1.070000000000000000e+04
2.093600000000000000e+04
2.425600000000000000e+04
3.345400000000000000e+04
3.312900000000000000e+04
1.761300000000000000e+04
4.144700000000000000e+04
3.819300000000000000e+04
7.510000000000000000e+02
3.005000000000000000e+04
4.729400000000000000e+04
1.135800000000000000e+04
6.820000000000000000e+03
2.361200000000000000e+04
4.926600000000000000e+04
4.304900000000000000e+04
4.000700000000000000e+04
4.263000000000000000e+03
4.713300000000000000e+04
2.086700000000000000e+04
7.335000000000000000e+03
3.167700000000000000e+04
1.243000000000000000e+04
2.052400000000000000e+04
2.005800000000000000e+04
2.130000000000000000e+04
1.379800000000000000e+04
4.022700000000000000e+04
7.889000000000000000e+03
3.608500000000000000e+04
1.677500000000000000e+04
4.786600000000000000e+04
4.003300000000000000e+04
4.744300000000000000e+04
2.434800000000000000e+04
6.659000000000000000e+03
4.820300000000000000e+04
6.970000000000000000e+03
1.962900000000000000e+04
2.451500000000000000e+04
3.689700000000000000e+04
3.331700000000000000e+04
3.515700000000000000e+04
1.159000000000000000e+03
5.262000000000000000e+03
1.004000000000000000e+03
7.809000000000000000e+03
4.806800000000000000e+04
4.604500000000000000e+04
1.783800000000000000e+04
1.449200000000000000e+04
3.067000000000000000e+04
2.069100000000000000e+04
3.086100000000000000e+04
2.037600000000000000e+04
5.103000000000000000e+03
1.379700000000000000e+04
1.872300000000000000e+04
3.559300000000000000e+04
2.154900000000000000e+04
2.132800000000000000e+04
2.467700000000000000e+04
7.427000000000000000e+03
4.112900000000000000e+04
1.012800000000000000e+04
3.257000000000000000e+04
2.445200000000000000e+04
1.720400000000000000e+04
4.008100000000000000e+04
3.509000000000000000e+04
3.459300000000000000e+04
2.041500000000000000e+04
2.722300000000000000e+04
2.465500000000000000e+04
5.023000000000000000e+03
2.550400000000000000e+04
1.381700000000000000e+04
4.584000000000000000e+03
2.601600000000000000e+04
1.091600000000000000e+04
4.353100000000000000e+04
8.126000000000000000e+03
4.185700000000000000e+04
2.270000000000000000e+02
4.397000000000000000e+03
3.714200000000000000e+04
4.915900000000000000e+04
9.700000000000000000e+03
2.174100000000000000e+04
7.547000000000000000e+03
2.712100000000000000e+04
2.758800000000000000e+04
2.525100000000000000e+04
4.935400000000000000e+04
3.680600000000000000e+04
1.481000000000000000e+03
3.481500000000000000e+04
8.217000000000000000e+03
4.395000000000000000e+04
3.387000000000000000e+03
4.910400000000000000e+04
1.139200000000000000e+04
3.017000000000000000e+03
1.325600000000000000e+04
7.940000000000000000e+02
6.830000000000000000e+03
4.356400000000000000e+04
1.318900000000000000e+04
1.184800000000000000e+04
1.665400000000000000e+04
4.389100000000000000e+04
2.274300000000000000e+04
8.530000000000000000e+02
3.602900000000000000e+04
3.615700000000000000e+04
2.482900000000000000e+04
4.617600000000000000e+04
2.012700000000000000e+04
3.114500000000000000e+04
1.458600000000000000e+04
2.442400000000000000e+04
2.131100000000000000e+04
4.151300000000000000e+04
3.264300000000000000e+04
4.998800000000000000e+04
5.963000000000000000e+03
1.747900000000000000e+04
1.479000000000000000e+04
1.697600000000000000e+04
3.701200000000000000e+04
1.043300000000000000e+04
3.116300000000000000e+04
1.317300000000000000e+04
2.752400000000000000e+04
4.172100000000000000e+04
3.348700000000000000e+04
3.461000000000000000e+03
8.334000000000000000e+03
3.158400000000000000e+04
3.554200000000000000e+04
2.536800000000000000e+04
3.812600000000000000e+04
4.791000000000000000e+04
3.236000000000000000e+04
9.951000000000000000e+03
1.497000000000000000e+04
2.710100000000000000e+04
3.041800000000000000e+04
4.202800000000000000e+04
4.818500000000000000e+04
4.958500000000000000e+04
4.128800000000000000e+04
3.570100000000000000e+04
3.331000000000000000e+04
1.394300000000000000e+04
3.159800000000000000e+04
1.229300000000000000e+04
4.516200000000000000e+04
4.958600000000000000e+04
3.931100000000000000e+04
3.100000000000000000e+02
4.634000000000000000e+03
4.835900000000000000e+04
4.804900000000000000e+04
3.728600000000000000e+04
2.622900000000000000e+04
3.658900000000000000e+04
2.832800000000000000e+04
2.633000000000000000e+03
9.273000000000000000e+03
4.471900000000000000e+04
2.904100000000000000e+04
4.564100000000000000e+04
1.262700000000000000e+04
3.770300000000000000e+04
3.499400000000000000e+04
1.651300000000000000e+04
3.880400000000000000e+04
2.372100000000000000e+04
3.855800000000000000e+04
1.569000000000000000e+04
7.639000000000000000e+03
2.485100000000000000e+04
1.635200000000000000e+04
5.339000000000000000e+03
4.950600000000000000e+04
4.756200000000000000e+04
3.655500000000000000e+04
9.957000000000000000e+03
4.108700000000000000e+04
2.421900000000000000e+04
1.656100000000000000e+04
9.474000000000000000e+03
1.700500000000000000e+04
3.589500000000000000e+04
3.652600000000000000e+04
1.136000000000000000e+04
1.460000000000000000e+04
4.390100000000000000e+04
4.736400000000000000e+04
1.376800000000000000e+04
3.366500000000000000e+04
1.566900000000000000e+04
1.840200000000000000e+04
2.780300000000000000e+04
1.410500000000000000e+04
4.932200000000000000e+04
2.714200000000000000e+04
2.686300000000000000e+04
4.456000000000000000e+04
2.787400000000000000e+04
2.706300000000000000e+04
9.539000000000000000e+03
2.973900000000000000e+04
1.289500000000000000e+04
2.368500000000000000e+04
4.982500000000000000e+04
3.256400000000000000e+04
1.305400000000000000e+04
4.663900000000000000e+04
1.293000000000000000e+03
2.930500000000000000e+04
3.332200000000000000e+04
9.447000000000000000e+03
3.673100000000000000e+04
2.994700000000000000e+04
7.179000000000000000e+03
2.797900000000000000e+04
9.630000000000000000e+02
4.115600000000000000e+04
3.181000000000000000e+04
4.115900000000000000e+04
2.538100000000000000e+04
1.753100000000000000e+04
1.267200000000000000e+04
3.799800000000000000e+04
4.472500000000000000e+04
3.876500000000000000e+04
3.238700000000000000e+04
4.189400000000000000e+04
4.131900000000000000e+04
1.409500000000000000e+04
4.888300000000000000e+04
2.731000000000000000e+04
3.223800000000000000e+04
9.759000000000000000e+03
2.974900000000000000e+04
3.904200000000000000e+04
4.046000000000000000e+03
6.592000000000000000e+03
4.990700000000000000e+04
2.809700000000000000e+04
2.084800000000000000e+04
1.242900000000000000e+04
1.819200000000000000e+04
8.004000000000000000e+03
1.254800000000000000e+04
2.573500000000000000e+04
2.509800000000000000e+04
2.969300000000000000e+04
4.057500000000000000e+04
2.059900000000000000e+04
4.883500000000000000e+04
4.127500000000000000e+04
2.348600000000000000e+04
2.212300000000000000e+04
1.622900000000000000e+04
2.280800000000000000e+04
4.859100000000000000e+04
2.293700000000000000e+04
2.961000000000000000e+03
4.651800000000000000e+04
4.640900000000000000e+04
2.941700000000000000e+04
1.905200000000000000e+04
4.296200000000000000e+04
1.664600000000000000e+04
1.620800000000000000e+04
4.164700000000000000e+04
2.643000000000000000e+03
1.403100000000000000e+04
3.670300000000000000e+04
4.450000000000000000e+02
3.433800000000000000e+04
5.110000000000000000e+02
1.409200000000000000e+04
4.911100000000000000e+04
1.223000000000000000e+03
1.298700000000000000e+04
2.706800000000000000e+04
4.518600000000000000e+04
2.242100000000000000e+04
3.991900000000000000e+04
8.939000000000000000e+03
3.037000000000000000e+03
1.697300000000000000e+04
4.614600000000000000e+04
1.848200000000000000e+04
3.933300000000000000e+04
8.406000000000000000e+03
3.570700000000000000e+04
2.194400000000000000e+04
3.794200000000000000e+04
4.806300000000000000e+04
1.097900000000000000e+04
3.318300000000000000e+04
4.844500000000000000e+04
3.156600000000000000e+04
4.171600000000000000e+04
3.220300000000000000e+04
2.066200000000000000e+04
5.442000000000000000e+03
1.863900000000000000e+04
1.530500000000000000e+04
9.282000000000000000e+03
3.570400000000000000e+04
1.068600000000000000e+04
2.200000000000000000e+02
1.416000000000000000e+04
3.393400000000000000e+04
1.593300000000000000e+04
2.053300000000000000e+04
3.904900000000000000e+04
1.457000000000000000e+03
2.229000000000000000e+04
2.920700000000000000e+04
1.998700000000000000e+04
2.144000000000000000e+04
4.787000000000000000e+04
3.720500000000000000e+04
3.231100000000000000e+04
4.882000000000000000e+03
5.257000000000000000e+03
3.432500000000000000e+04
4.546200000000000000e+04
2.908400000000000000e+04
3.935800000000000000e+04
4.310400000000000000e+04
3.297800000000000000e+04
5.320000000000000000e+02
1.434200000000000000e+04
2.102100000000000000e+04
4.177500000000000000e+04
1.960500000000000000e+04
1.838200000000000000e+04
8.241000000000000000e+03
3.719000000000000000e+04
1.761100000000000000e+04
3.651100000000000000e+04
3.008300000000000000e+04
1.482400000000000000e+04
4.831200000000000000e+04
7.007000000000000000e+03
4.221700000000000000e+04
1.074300000000000000e+04
3.816400000000000000e+04
3.336700000000000000e+04
2.897900000000000000e+04
2.248800000000000000e+04
4.726300000000000000e+04
3.438800000000000000e+04
1.823800000000000000e+04
2.191200000000000000e+04
2.899000000000000000e+04
3.692700000000000000e+04
2.140000000000000000e+03
2.314100000000000000e+04
3.264700000000000000e+04
2.645000000000000000e+04
2.613800000000000000e+04
1.902100000000000000e+04
1.927800000000000000e+04
3.071500000000000000e+04
1.060600000000000000e+04
3.555900000000000000e+04
8.914000000000000000e+03
2.675700000000000000e+04
4.993400000000000000e+04
3.935400000000000000e+04
1.171900000000000000e+04
3.246500000000000000e+04
1.439000000000000000e+03
3.695600000000000000e+04
2.024200000000000000e+04
1.474000000000000000e+04
4.379200000000000000e+04
1.180900000000000000e+04
1.257100000000000000e+04
1.387000000000000000e+03
7.883000000000000000e+03
2.220800000000000000e+04
3.827800000000000000e+04
1.090200000000000000e+04
2.523200000000000000e+04
1.793900000000000000e+04
8.146000000000000000e+03
4.511600000000000000e+04
1.883900000000000000e+04
4.014200000000000000e+04
2.341100000000000000e+04
3.349400000000000000e+04
2.829000000000000000e+03
1.129800000000000000e+04
3.316000000000000000e+03
3.152000000000000000e+04
3.571000000000000000e+04
4.470100000000000000e+04
2.542900000000000000e+04
3.799100000000000000e+04
4.759400000000000000e+04
2.799800000000000000e+04
4.294800000000000000e+04
4.250200000000000000e+04
4.972500000000000000e+04
4.496400000000000000e+04
4.286600000000000000e+04
4.850000000000000000e+04
4.328600000000000000e+04
4.465100000000000000e+04
9.404000000000000000e+03
1.195500000000000000e+04
4.962600000000000000e+04
2.866800000000000000e+04
4.072600000000000000e+04
7.410000000000000000e+02
2.438900000000000000e+04
1.656000000000000000e+03
3.909600000000000000e+04
9.087000000000000000e+03
2.524000000000000000e+03
2.435700000000000000e+04
3.951600000000000000e+04
1.193100000000000000e+04
4.436100000000000000e+04
2.541500000000000000e+04
1.462600000000000000e+04
3.677100000000000000e+04
1.744900000000000000e+04
4.914000000000000000e+03
2.589600000000000000e+04
3.909400000000000000e+04
7.805000000000000000e+03
3.725700000000000000e+04
7.684000000000000000e+03
1.106800000000000000e+04
2.776200000000000000e+04
4.350000000000000000e+04
4.241100000000000000e+04
3.471900000000000000e+04
2.961400000000000000e+04
1.412100000000000000e+04
3.775500000000000000e+04
6.931000000000000000e+03
4.656600000000000000e+04
1.268600000000000000e+04
4.896200000000000000e+04
4.515600000000000000e+04
3.833500000000000000e+04
4.656500000000000000e+04
3.369800000000000000e+04
3.214700000000000000e+04
3.889800000000000000e+04
4.821800000000000000e+04
2.130400000000000000e+04
8.658000000000000000e+03
5.853000000000000000e+03
3.840000000000000000e+02
1.333500000000000000e+04
4.007200000000000000e+04
2.323600000000000000e+04
3.068100000000000000e+04
8.278000000000000000e+03
2.566000000000000000e+03
4.230100000000000000e+04
1.295300000000000000e+04
4.006200000000000000e+04
1.696500000000000000e+04
4.066400000000000000e+04
3.029300000000000000e+04
4.438800000000000000e+04
2.124100000000000000e+04
4.468800000000000000e+04
3.417500000000000000e+04
4.634400000000000000e+04
1.876200000000000000e+04
4.062800000000000000e+04
3.296100000000000000e+04
1.089100000000000000e+04
1.859700000000000000e+04
6.230000000000000000e+03
1.523000000000000000e+04
4.725200000000000000e+04
3.491400000000000000e+04
3.930400000000000000e+04
8.128000000000000000e+03
4.179900000000000000e+04
1.638900000000000000e+04
7.542000000000000000e+03
1.726700000000000000e+04
3.088900000000000000e+04
3.752200000000000000e+04
2.263300000000000000e+04
2.657000000000000000e+03
1.766900000000000000e+04
1.666000000000000000e+03
4.137100000000000000e+04
2.897100000000000000e+04
3.525500000000000000e+04
3.712900000000000000e+04
1.285800000000000000e+04
2.967800000000000000e+04
3.586200000000000000e+04
4.195000000000000000e+04
3.808500000000000000e+04
4.396600000000000000e+04
4.184700000000000000e+04
8.650000000000000000e+02
1.470600000000000000e+04
2.301300000000000000e+04
1.347700000000000000e+04
2.676000000000000000e+03
1.524100000000000000e+04
8.780000000000000000e+02
2.928800000000000000e+04
1.262100000000000000e+04
1.077400000000000000e+04
3.785100000000000000e+04
2.639300000000000000e+04
4.434900000000000000e+04
3.215200000000000000e+04
1.919300000000000000e+04
4.050100000000000000e+04
1.312200000000000000e+04
2.896700000000000000e+04
9.594000000000000000e+03
2.249000000000000000e+03
4.579400000000000000e+04
4.336500000000000000e+04
2.064000000000000000e+04
2.321000000000000000e+03
4.418100000000000000e+04
1.196400000000000000e+04
2.684200000000000000e+04
3.396900000000000000e+04
4.460100000000000000e+04
3.972900000000000000e+04
9.445000000000000000e+03
3.008900000000000000e+04
3.586000000000000000e+04
1.801700000000000000e+04
3.468000000000000000e+03
2.234000000000000000e+03
1.465800000000000000e+04
4.048100000000000000e+04
4.592400000000000000e+04
1.389000000000000000e+03
1.368500000000000000e+04
4.387800000000000000e+04
3.578200000000000000e+04
1.177400000000000000e+04
9.652000000000000000e+03
2.703600000000000000e+04
1.455000000000000000e+03
1.958000000000000000e+04
2.433700000000000000e+04
2.514000000000000000e+03
2.050300000000000000e+04
3.579100000000000000e+04
4.367500000000000000e+04
2.841400000000000000e+04
3.405100000000000000e+04
3.078300000000000000e+04
2.468800000000000000e+04
2.169400000000000000e+04
1.936900000000000000e+04
3.588600000000000000e+04
2.171200000000000000e+04
1.515900000000000000e+04
2.330700000000000000e+04
8.382000000000000000e+03
9.455000000000000000e+03
1.052700000000000000e+04
4.484400000000000000e+04
1.544000000000000000e+03
1.853700000000000000e+04
7.066000000000000000e+03
2.499900000000000000e+04
9.591000000000000000e+03
4.455800000000000000e+04
1.696200000000000000e+04
3.059800000000000000e+04
2.232300000000000000e+04
2.049100000000000000e+04
2.928600000000000000e+04
3.155100000000000000e+04
3.593900000000000000e+04
2.103600000000000000e+04
4.782200000000000000e+04
9.835000000000000000e+03
2.578400000000000000e+04
2.634700000000000000e+04
1.135600000000000000e+04
4.123800000000000000e+04
3.898600000000000000e+04
1.621300000000000000e+04
2.451800000000000000e+04
4.900600000000000000e+04
3.410500000000000000e+04
3.965300000000000000e+04
4.054600000000000000e+04
2.001600000000000000e+04
3.726500000000000000e+04
4.441500000000000000e+04
4.839300000000000000e+04
4.209100000000000000e+04
2.345000000000000000e+03
1.623300000000000000e+04
1.477100000000000000e+04
9.888000000000000000e+03
2.070000000000000000e+02
2.325600000000000000e+04
1.438500000000000000e+04
3.354900000000000000e+04
1.081000000000000000e+03
8.496000000000000000e+03
1.727600000000000000e+04
3.769300000000000000e+04
1.903800000000000000e+04
1.847600000000000000e+04
3.837600000000000000e+04
2.059200000000000000e+04
2.204600000000000000e+04
1.089000000000000000e+04
2.704500000000000000e+04
8.674000000000000000e+03
8.588000000000000000e+03
4.862600000000000000e+04
4.629600000000000000e+04
2.730000000000000000e+04
3.016100000000000000e+04
3.260000000000000000e+03
1.120000000000000000e+02
6.649000000000000000e+03
9.383000000000000000e+03
3.370900000000000000e+04
1.269500000000000000e+04
4.330000000000000000e+03
4.282000000000000000e+03
1.323600000000000000e+04
2.133300000000000000e+04
2.914100000000000000e+04
2.838100000000000000e+04
1.512300000000000000e+04
2.354600000000000000e+04
1.586800000000000000e+04
3.616100000000000000e+04
9.802000000000000000e+03
4.829800000000000000e+04
3.081100000000000000e+04
2.597600000000000000e+04
9.195000000000000000e+03
3.622600000000000000e+04
4.101700000000000000e+04
4.888800000000000000e+04
3.317100000000000000e+04
4.101000000000000000e+04
7.773000000000000000e+03
4.005200000000000000e+04
1.526900000000000000e+04
2.940400000000000000e+04
1.552100000000000000e+04
4.113000000000000000e+04
3.708900000000000000e+04
6.581000000000000000e+03
7.602000000000000000e+03
2.100100000000000000e+04
9.804000000000000000e+03
4.498100000000000000e+04
4.520900000000000000e+04
3.125400000000000000e+04
2.310300000000000000e+04
1.222000000000000000e+03
3.611800000000000000e+04
4.911600000000000000e+04
2.289500000000000000e+04
3.979000000000000000e+03
2.255500000000000000e+04
1.056900000000000000e+04
1.103400000000000000e+04
8.190000000000000000e+02
3.613400000000000000e+04
4.898400000000000000e+04
3.441900000000000000e+04
4.005400000000000000e+04
1.678000000000000000e+03
1.771700000000000000e+04
1.778500000000000000e+04
3.203400000000000000e+04
4.228100000000000000e+04
4.056900000000000000e+04
2.538900000000000000e+04
4.975200000000000000e+04
2.453000000000000000e+04
5.600000000000000000e+03
9.054000000000000000e+03
1.472600000000000000e+04
2.521000000000000000e+03
8.553000000000000000e+03
2.227400000000000000e+04
1.907100000000000000e+04
2.402300000000000000e+04
9.694000000000000000e+03
1.359700000000000000e+04
3.809000000000000000e+04
4.319600000000000000e+04
4.429000000000000000e+04
4.920300000000000000e+04
2.925600000000000000e+04
3.686500000000000000e+04
1.991500000000000000e+04
1.452100000000000000e+04
1.880000000000000000e+02
9.900000000000000000e+02
2.027000000000000000e+04
7.728000000000000000e+03
2.925200000000000000e+04
1.595700000000000000e+04
4.506000000000000000e+04
2.945800000000000000e+04
2.453000000000000000e+03
3.816600000000000000e+04
1.256100000000000000e+04
4.073300000000000000e+04
2.715400000000000000e+04
4.211300000000000000e+04
4.989600000000000000e+04
3.378800000000000000e+04
2.550000000000000000e+02
4.287000000000000000e+03
2.481600000000000000e+04
5.386000000000000000e+03
3.469000000000000000e+03
9.148000000000000000e+03
3.035700000000000000e+04
4.701400000000000000e+04
1.653000000000000000e+03
3.706700000000000000e+04
5.640000000000000000e+03
4.090600000000000000e+04
3.842500000000000000e+04
1.487800000000000000e+04
6.109000000000000000e+03
3.123200000000000000e+04
3.782700000000000000e+04
4.429600000000000000e+04
3.426500000000000000e+04
1.776200000000000000e+04
5.416000000000000000e+03
7.445000000000000000e+03
2.508100000000000000e+04
2.457900000000000000e+04
2.825000000000000000e+04
4.908200000000000000e+04
1.420000000000000000e+02
2.419200000000000000e+04
3.448300000000000000e+04
3.413300000000000000e+04
4.448600000000000000e+04
3.014500000000000000e+04
5.211000000000000000e+03
2.467000000000000000e+04
3.952900000000000000e+04
1.157700000000000000e+04
4.432000000000000000e+03
2.999500000000000000e+04
3.971900000000000000e+04
1.623500000000000000e+04
8.073000000000000000e+03
1.035100000000000000e+04
3.353600000000000000e+04
3.027700000000000000e+04
2.017300000000000000e+04
2.965200000000000000e+04
3.558800000000000000e+04
4.750600000000000000e+04
4.094600000000000000e+04
1.696100000000000000e+04
3.539500000000000000e+04
2.180600000000000000e+04
3.199700000000000000e+04
4.191100000000000000e+04
4.001000000000000000e+04
9.925000000000000000e+03
1.769900000000000000e+04
4.473600000000000000e+04
2.041100000000000000e+04
1.420900000000000000e+04
5.730000000000000000e+03
4.132300000000000000e+04
3.303300000000000000e+04
3.089000000000000000e+03
1.334300000000000000e+04
1.552700000000000000e+04
1.603400000000000000e+04
3.016000000000000000e+03
1.730700000000000000e+04
2.884700000000000000e+04
7.948000000000000000e+03
1.652200000000000000e+04
4.267100000000000000e+04
4.292700000000000000e+04
3.639800000000000000e+04
3.143000000000000000e+04
1.890200000000000000e+04
1.434000000000000000e+03
1.431800000000000000e+04
4.198000000000000000e+04
4.601000000000000000e+04
5.500000000000000000e+02
2.959900000000000000e+04
3.180300000000000000e+04
3.257500000000000000e+04
6.320000000000000000e+03
4.018000000000000000e+03
4.537800000000000000e+04
4.542500000000000000e+04
1.328300000000000000e+04
5.832000000000000000e+03
3.930500000000000000e+04
2.945100000000000000e+04
2.907200000000000000e+04
3.933700000000000000e+04
2.680000000000000000e+02
3.289000000000000000e+03
2.716000000000000000e+03
3.270000000000000000e+02
2.935700000000000000e+04
2.349100000000000000e+04
3.909500000000000000e+04
5.427000000000000000e+03
3.600000000000000000e+03
2.661900000000000000e+04
1.384800000000000000e+04
2.901500000000000000e+04
2.665800000000000000e+04
1.324500000000000000e+04
3.192200000000000000e+04
3.363000000000000000e+04
2.964600000000000000e+04
1.020000000000000000e+03
2.735700000000000000e+04
1.135400000000000000e+04
2.286600000000000000e+04
1.431000000000000000e+04
3.248100000000000000e+04
2.275200000000000000e+04
1.988900000000000000e+04
1.545700000000000000e+04
3.291400000000000000e+04
6.757000000000000000e+03
2.402900000000000000e+04
4.530600000000000000e+04
3.413100000000000000e+04
1.465600000000000000e+04
2.189700000000000000e+04
3.812100000000000000e+04
1.017400000000000000e+04
2.064600000000000000e+04
2.160500000000000000e+04
4.887000000000000000e+03
4.408500000000000000e+04
9.633000000000000000e+03
1.646300000000000000e+04
4.097100000000000000e+04
6.077000000000000000e+03
7.546000000000000000e+03
1.131600000000000000e+04
1.810500000000000000e+04
8.379000000000000000e+03
3.183000000000000000e+04
3.273200000000000000e+04
3.815600000000000000e+04
2.398800000000000000e+04
3.523800000000000000e+04
2.777700000000000000e+04
3.529700000000000000e+04
1.622500000000000000e+04
3.983700000000000000e+04
1.965200000000000000e+04
1.439600000000000000e+04
2.394800000000000000e+04
3.770900000000000000e+04
3.056000000000000000e+04
4.505500000000000000e+04
3.112100000000000000e+04
4.104600000000000000e+04
4.138700000000000000e+04
3.801000000000000000e+03
2.511900000000000000e+04
7.451000000000000000e+03
3.974400000000000000e+04
1.778300000000000000e+04
4.685400000000000000e+04
4.127800000000000000e+04
4.281500000000000000e+04
2.174600000000000000e+04
9.910000000000000000e+02
6.819000000000000000e+03
1.316300000000000000e+04
3.241000000000000000e+03
2.966500000000000000e+04
2.709000000000000000e+03
3.595300000000000000e+04
2.418400000000000000e+04
4.567500000000000000e+04
3.515300000000000000e+04
4.156600000000000000e+04
1.313800000000000000e+04
3.913700000000000000e+04
2.860200000000000000e+04
4.489700000000000000e+04
1.411000000000000000e+04
1.442600000000000000e+04
2.439100000000000000e+04
4.183200000000000000e+04
3.059100000000000000e+04
4.692100000000000000e+04
3.562700000000000000e+04
4.523600000000000000e+04
1.891200000000000000e+04
1.583000000000000000e+04
1.532100000000000000e+04
3.792500000000000000e+04
1.615100000000000000e+04
2.510800000000000000e+04
3.665300000000000000e+04
1.858900000000000000e+04
4.887400000000000000e+04
2.089700000000000000e+04
1.634700000000000000e+04
4.752500000000000000e+04
9.234000000000000000e+03
1.359900000000000000e+04
2.799100000000000000e+04
4.159100000000000000e+04
9.547000000000000000e+03
8.929000000000000000e+03
4.915000000000000000e+03
2.203000000000000000e+04
4.799100000000000000e+04
3.934000000000000000e+04
1.401100000000000000e+04
2.624700000000000000e+04
2.617600000000000000e+04
3.671100000000000000e+04
4.911300000000000000e+04
4.954200000000000000e+04
1.863100000000000000e+04
7.407000000000000000e+03
4.456100000000000000e+04
7.226000000000000000e+03
9.324000000000000000e+03
2.951500000000000000e+04
1.965000000000000000e+04
2.224000000000000000e+04
3.569500000000000000e+04
2.970600000000000000e+04
4.814600000000000000e+04
3.609600000000000000e+04
3.233200000000000000e+04
4.089100000000000000e+04
1.137900000000000000e+04
1.010700000000000000e+04
3.691600000000000000e+04
3.021000000000000000e+04
2.932500000000000000e+04
4.383400000000000000e+04
1.425100000000000000e+04
2.207400000000000000e+04
2.862400000000000000e+04
8.670000000000000000e+03
1.354600000000000000e+04
4.250300000000000000e+04
2.331600000000000000e+04
3.896300000000000000e+04
3.385200000000000000e+04
2.009400000000000000e+04
4.015600000000000000e+04
7.976000000000000000e+03
1.375800000000000000e+04
1.335800000000000000e+04
3.154200000000000000e+04
4.405400000000000000e+04
1.624000000000000000e+03
4.709500000000000000e+04
2.965700000000000000e+04
1.657200000000000000e+04
2.393700000000000000e+04
4.140400000000000000e+04
1.203400000000000000e+04
2.340200000000000000e+04
4.254800000000000000e+04
2.539000000000000000e+04
4.957600000000000000e+04
9.587000000000000000e+03
3.690800000000000000e+04
1.889200000000000000e+04
2.616600000000000000e+04
1.032100000000000000e+04
2.972900000000000000e+04
1.409600000000000000e+04
3.571600000000000000e+04
2.889900000000000000e+04
4.372700000000000000e+04
3.613800000000000000e+04
2.420600000000000000e+04
1.267500000000000000e+04
5.904000000000000000e+03
3.619000000000000000e+03
1.355900000000000000e+04
2.860400000000000000e+04
2.087000000000000000e+03
2.847700000000000000e+04
4.073800000000000000e+04
1.514000000000000000e+03
2.857000000000000000e+04
2.963000000000000000e+03
1.386800000000000000e+04
2.438400000000000000e+04
3.598600000000000000e+04
2.686800000000000000e+04
2.841100000000000000e+04
3.530600000000000000e+04
1.252300000000000000e+04
3.103000000000000000e+04
3.393900000000000000e+04
4.004900000000000000e+04
3.741200000000000000e+04
4.326400000000000000e+04
1.758100000000000000e+04
6.986000000000000000e+03
1.265000000000000000e+03
3.981600000000000000e+04
3.255500000000000000e+04
3.890400000000000000e+04
3.012500000000000000e+04
1.908800000000000000e+04
1.154000000000000000e+03
2.648500000000000000e+04
4.414000000000000000e+04
4.024100000000000000e+04
4.908000000000000000e+03
2.915300000000000000e+04
3.825400000000000000e+04
1.546700000000000000e+04
5.935000000000000000e+03
3.162500000000000000e+04
1.557100000000000000e+04
9.041000000000000000e+03
3.374300000000000000e+04
2.267100000000000000e+04
3.360800000000000000e+04
3.955000000000000000e+03
4.352900000000000000e+04
4.990000000000000000e+02
4.392000000000000000e+04
1.108000000000000000e+04
1.802700000000000000e+04
4.311500000000000000e+04
7.796000000000000000e+03
4.753000000000000000e+03
2.895300000000000000e+04
3.480300000000000000e+04
3.447300000000000000e+04
2.036800000000000000e+04
4.823000000000000000e+04
2.484000000000000000e+03
4.189800000000000000e+04
2.881200000000000000e+04
7.657000000000000000e+03
3.752300000000000000e+04
3.147000000000000000e+03
1.814700000000000000e+04
3.563600000000000000e+04
3.021100000000000000e+04
3.780800000000000000e+04
1.584700000000000000e+04
4.369300000000000000e+04
3.673000000000000000e+04
4.133000000000000000e+04
1.827300000000000000e+04
3.603000000000000000e+04
3.773800000000000000e+04
1.740400000000000000e+04
4.270900000000000000e+04
4.800200000000000000e+04
4.529400000000000000e+04
4.384500000000000000e+04
2.059000000000000000e+04
4.115700000000000000e+04
2.206900000000000000e+04
1.916600000000000000e+04
4.619100000000000000e+04
1.663100000000000000e+04
7.290000000000000000e+02
9.108000000000000000e+03
1.585200000000000000e+04
4.498000000000000000e+03
3.139000000000000000e+04
4.978400000000000000e+04
3.832500000000000000e+04
3.752400000000000000e+04
4.931900000000000000e+04
4.568400000000000000e+04
3.856800000000000000e+04
1.189000000000000000e+03
2.992200000000000000e+04
4.096800000000000000e+04
9.826000000000000000e+03
3.739000000000000000e+03
4.373000000000000000e+03
1.404300000000000000e+04
1.955700000000000000e+04
3.318100000000000000e+04
1.058300000000000000e+04
1.773000000000000000e+03
5.831000000000000000e+03
3.049500000000000000e+04
4.269000000000000000e+03
2.967100000000000000e+04
2.713000000000000000e+04
4.876600000000000000e+04
9.733000000000000000e+03
2.609700000000000000e+04
9.239000000000000000e+03
3.255200000000000000e+04
1.965300000000000000e+04
4.056100000000000000e+04
4.002100000000000000e+04
1.268300000000000000e+04
4.809600000000000000e+04
3.339100000000000000e+04
1.004300000000000000e+04
3.579000000000000000e+03
2.551200000000000000e+04
4.447500000000000000e+04
3.234300000000000000e+04
3.319000000000000000e+03
4.842400000000000000e+04
4.411300000000000000e+04
3.843600000000000000e+04
2.362100000000000000e+04
1.636200000000000000e+04
4.687900000000000000e+04
1.877800000000000000e+04
1.279000000000000000e+03
1.945200000000000000e+04
4.569400000000000000e+04
1.431700000000000000e+04
2.966000000000000000e+04
2.232400000000000000e+04
1.244900000000000000e+04
1.448600000000000000e+04
8.911000000000000000e+03
1.607100000000000000e+04
3.095000000000000000e+03
4.061100000000000000e+04
3.562300000000000000e+04
2.617000000000000000e+04
2.469600000000000000e+04
3.468600000000000000e+04
4.692900000000000000e+04
2.584000000000000000e+04
1.854500000000000000e+04
2.166800000000000000e+04
4.940700000000000000e+04
3.368300000000000000e+04
4.167600000000000000e+04
1.502200000000000000e+04
3.505100000000000000e+04
1.961400000000000000e+04
1.473200000000000000e+04
4.361000000000000000e+04
1.813800000000000000e+04
3.697000000000000000e+03
3.682600000000000000e+04
3.443700000000000000e+04
4.397900000000000000e+04
3.665000000000000000e+04
2.756800000000000000e+04
1.148700000000000000e+04
1.051000000000000000e+03
1.424200000000000000e+04
1.829000000000000000e+03
5.360000000000000000e+03
2.948600000000000000e+04
1.370500000000000000e+04
1.904700000000000000e+04
1.056000000000000000e+03
4.871500000000000000e+04
2.272900000000000000e+04
2.960000000000000000e+02
2.309000000000000000e+03
1.014300000000000000e+04
1.760200000000000000e+04
3.957200000000000000e+04
3.320900000000000000e+04
3.703600000000000000e+04
3.149400000000000000e+04
2.837000000000000000e+03
1.207000000000000000e+04
1.870000000000000000e+02
1.602400000000000000e+04
1.879300000000000000e+04
6.600000000000000000e+01
3.123600000000000000e+04
3.314900000000000000e+04
6.272000000000000000e+03
3.605600000000000000e+04
5.198000000000000000e+03
4.491000000000000000e+03
1.379100000000000000e+04
3.073700000000000000e+04
2.816000000000000000e+03
2.798000000000000000e+04
2.340400000000000000e+04
4.674800000000000000e+04
1.759600000000000000e+04
1.892300000000000000e+04
4.944800000000000000e+04
4.562700000000000000e+04
3.790400000000000000e+04
1.802600000000000000e+04
3.587400000000000000e+04
1.240400000000000000e+04
1.892200000000000000e+04
5.348000000000000000e+03
1.138900000000000000e+04
2.175800000000000000e+04
4.864300000000000000e+04
1.875500000000000000e+04
1.662100000000000000e+04
1.002000000000000000e+04
3.897900000000000000e+04
2.929200000000000000e+04
1.947100000000000000e+04
1.547400000000000000e+04
4.856600000000000000e+04
4.303400000000000000e+04
4.047900000000000000e+04
1.510700000000000000e+04
6.173000000000000000e+03
3.924100000000000000e+04
9.775000000000000000e+03
4.849000000000000000e+04
4.724400000000000000e+04
3.287000000000000000e+04
4.561900000000000000e+04
2.334500000000000000e+04
2.561200000000000000e+04
2.152600000000000000e+04
3.454400000000000000e+04
1.417200000000000000e+04
3.782600000000000000e+04
6.102000000000000000e+03
4.075800000000000000e+04
2.916100000000000000e+04
2.429700000000000000e+04
1.996700000000000000e+04
3.523000000000000000e+03
4.598500000000000000e+04
4.039700000000000000e+04
9.271000000000000000e+03
4.635700000000000000e+04
4.211200000000000000e+04
1.747300000000000000e+04
2.335600000000000000e+04
1.741300000000000000e+04
3.609700000000000000e+04
5.709000000000000000e+03
4.407500000000000000e+04
2.761300000000000000e+04
3.655000000000000000e+04
3.752600000000000000e+04
4.939900000000000000e+04
6.133000000000000000e+03
2.078100000000000000e+04
4.734800000000000000e+04
1.524600000000000000e+04
1.440000000000000000e+04
9.769000000000000000e+03
4.737400000000000000e+04
2.818200000000000000e+04
2.393400000000000000e+04
4.593400000000000000e+04
3.034400000000000000e+04
3.240500000000000000e+04
2.190000000000000000e+02
5.705000000000000000e+03
2.009900000000000000e+04
4.475600000000000000e+04
4.518400000000000000e+04
3.867200000000000000e+04
4.258000000000000000e+04
3.734400000000000000e+04
8.555000000000000000e+03
1.565000000000000000e+03
8.472000000000000000e+03
1.957400000000000000e+04
1.917000000000000000e+03
4.843900000000000000e+04
1.713100000000000000e+04
2.983200000000000000e+04
7.327000000000000000e+03
1.104800000000000000e+04
2.669500000000000000e+04
1.496000000000000000e+03
1.434500000000000000e+04
2.505000000000000000e+04
4.133600000000000000e+04
4.329100000000000000e+04
3.049400000000000000e+04
2.046900000000000000e+04
3.547000000000000000e+04
1.134900000000000000e+04
2.607000000000000000e+03
3.858900000000000000e+04
6.899000000000000000e+03
3.956500000000000000e+04
4.440400000000000000e+04
4.908800000000000000e+04
3.454600000000000000e+04
3.705300000000000000e+04
4.609000000000000000e+03
3.574600000000000000e+04
4.434200000000000000e+04
1.498500000000000000e+04
4.045500000000000000e+04
3.347000000000000000e+04
1.765700000000000000e+04
3.664000000000000000e+04
4.672100000000000000e+04
1.598400000000000000e+04
4.410000000000000000e+04
4.655900000000000000e+04
1.547000000000000000e+04
3.500000000000000000e+03
3.997400000000000000e+04
4.638900000000000000e+04
8.637000000000000000e+03
1.197900000000000000e+04
2.066100000000000000e+04
4.800000000000000000e+01
3.380900000000000000e+04
3.703200000000000000e+04
1.519200000000000000e+04
1.194000000000000000e+04
6.288000000000000000e+03
2.368800000000000000e+04
2.529200000000000000e+04
2.861700000000000000e+04
3.030100000000000000e+04
2.550500000000000000e+04
3.566000000000000000e+04
6.871000000000000000e+03
1.383900000000000000e+04
3.132000000000000000e+04
2.284800000000000000e+04
2.992700000000000000e+04
1.649600000000000000e+04
2.858600000000000000e+04
2.206500000000000000e+04
5.243000000000000000e+03
4.656800000000000000e+04
4.286200000000000000e+04
2.080100000000000000e+04
4.161200000000000000e+04
3.406700000000000000e+04
1.938400000000000000e+04
4.429300000000000000e+04
2.041900000000000000e+04
2.804400000000000000e+04
1.181200000000000000e+04
1.786700000000000000e+04
1.371400000000000000e+04
3.396000000000000000e+04
3.970800000000000000e+04
3.481400000000000000e+04
2.753100000000000000e+04
2.141000000000000000e+04
3.147900000000000000e+04
1.146000000000000000e+03
2.496900000000000000e+04
3.194000000000000000e+03
3.002400000000000000e+04
1.437600000000000000e+04
4.304400000000000000e+04
3.830000000000000000e+04
4.362000000000000000e+03
1.725200000000000000e+04
1.822500000000000000e+04
3.317900000000000000e+04
3.894500000000000000e+04
1.425000000000000000e+04
3.361100000000000000e+04
2.952900000000000000e+04
1.881400000000000000e+04
4.690600000000000000e+04
1.483700000000000000e+04
2.412600000000000000e+04
2.360100000000000000e+04
4.242900000000000000e+04
1.317000000000000000e+04
6.283000000000000000e+03
4.728500000000000000e+04
4.162500000000000000e+04
1.948300000000000000e+04
2.774400000000000000e+04
1.316800000000000000e+04
4.573700000000000000e+04
2.200000000000000000e+01
8.819000000000000000e+03
3.749800000000000000e+04
4.477600000000000000e+04
3.154400000000000000e+04
4.554700000000000000e+04
4.021900000000000000e+04
6.076000000000000000e+03
1.795500000000000000e+04
9.689000000000000000e+03
4.607000000000000000e+03
5.517000000000000000e+03
2.412100000000000000e+04
4.113900000000000000e+04
3.693500000000000000e+04
3.646000000000000000e+03
1.261600000000000000e+04
8.268000000000000000e+03
4.006900000000000000e+04
2.562300000000000000e+04
4.494500000000000000e+04
3.908400000000000000e+04
3.137000000000000000e+04
4.143000000000000000e+04
3.661900000000000000e+04
5.487000000000000000e+03
1.766000000000000000e+03
2.021500000000000000e+04
1.306800000000000000e+04
1.723500000000000000e+04
3.963300000000000000e+04
1.504800000000000000e+04
4.238600000000000000e+04
4.880400000000000000e+04
1.619400000000000000e+04
7.744000000000000000e+03
3.762300000000000000e+04
2.290800000000000000e+04
4.611300000000000000e+04
2.215900000000000000e+04
2.385300000000000000e+04
7.507000000000000000e+03
1.349900000000000000e+04
4.853000000000000000e+03
2.687400000000000000e+04
4.393300000000000000e+04
1.026700000000000000e+04
1.049000000000000000e+04
2.112100000000000000e+04
2.135100000000000000e+04
2.447500000000000000e+04
1.420000000000000000e+03
4.348800000000000000e+04
2.695600000000000000e+04
2.631000000000000000e+04
2.768500000000000000e+04
1.933100000000000000e+04
6.434000000000000000e+03
2.978200000000000000e+04
4.216000000000000000e+04
1.549900000000000000e+04
7.752000000000000000e+03
1.441500000000000000e+04
9.973000000000000000e+03
4.654600000000000000e+04
1.426900000000000000e+04
6.048000000000000000e+03
6.660000000000000000e+03
1.688800000000000000e+04
5.795000000000000000e+03
3.475300000000000000e+04
3.559800000000000000e+04
5.660000000000000000e+02
2.308600000000000000e+04
1.263000000000000000e+04
1.103700000000000000e+04
1.429400000000000000e+04
4.791200000000000000e+04
4.896400000000000000e+04
1.998900000000000000e+04
1.163200000000000000e+04
2.020900000000000000e+04
3.538800000000000000e+04
2.288400000000000000e+04
1.927000000000000000e+04
1.980500000000000000e+04
1.255800000000000000e+04
3.853000000000000000e+04
1.065300000000000000e+04
1.600700000000000000e+04
4.036100000000000000e+04
4.767400000000000000e+04
2.608500000000000000e+04
4.416900000000000000e+04
7.379000000000000000e+03
4.182100000000000000e+04
4.406900000000000000e+04
9.111000000000000000e+03
4.170000000000000000e+03
9.681000000000000000e+03
1.879600000000000000e+04
1.740100000000000000e+04
3.236600000000000000e+04
3.749200000000000000e+04
2.418200000000000000e+04
4.631800000000000000e+04
1.524800000000000000e+04
3.275000000000000000e+04
1.815300000000000000e+04
2.140100000000000000e+04
3.528300000000000000e+04
3.788800000000000000e+04
4.493700000000000000e+04
1.180000000000000000e+03
4.447300000000000000e+04
1.929000000000000000e+04
1.607400000000000000e+04
4.612600000000000000e+04
1.332800000000000000e+04
2.531000000000000000e+03
4.489800000000000000e+04
3.565000000000000000e+03
4.599000000000000000e+04
7.567000000000000000e+03
6.860000000000000000e+03
3.048900000000000000e+04
9.013000000000000000e+03
4.631600000000000000e+04
2.034600000000000000e+04
1.261000000000000000e+04
4.237600000000000000e+04
5.350000000000000000e+02
4.715700000000000000e+04
4.994000000000000000e+04
3.286000000000000000e+03
2.974200000000000000e+04
1.781300000000000000e+04
2.482300000000000000e+04
1.409400000000000000e+04
3.378300000000000000e+04
2.062000000000000000e+03
1.051100000000000000e+04
2.540200000000000000e+04
3.676000000000000000e+03
3.810500000000000000e+04
3.635400000000000000e+04
2.171900000000000000e+04
3.059900000000000000e+04
3.999300000000000000e+04
4.029600000000000000e+04
3.188600000000000000e+04
1.984800000000000000e+04
1.460100000000000000e+04
1.061800000000000000e+04
1.988600000000000000e+04
4.443000000000000000e+04
3.675900000000000000e+04
3.143200000000000000e+04
4.017300000000000000e+04
3.010100000000000000e+04
2.171800000000000000e+04
1.515000000000000000e+03
3.861000000000000000e+04
4.034600000000000000e+04
1.805100000000000000e+04
3.155900000000000000e+04
4.820000000000000000e+04
3.332100000000000000e+04
1.773700000000000000e+04
1.618000000000000000e+03
3.084200000000000000e+04
3.946300000000000000e+04
3.410900000000000000e+04
3.780700000000000000e+04
3.170700000000000000e+04
1.115900000000000000e+04
1.140900000000000000e+04
2.475800000000000000e+04
3.349300000000000000e+04
3.542400000000000000e+04
4.617500000000000000e+04
1.394200000000000000e+04
1.029600000000000000e+04
9.306000000000000000e+03
4.834000000000000000e+03
1.072500000000000000e+04
4.694400000000000000e+04
3.438600000000000000e+04
2.077700000000000000e+04
5.610000000000000000e+02
3.099600000000000000e+04
3.352000000000000000e+03
4.022000000000000000e+04
3.223500000000000000e+04
4.301600000000000000e+04
4.766100000000000000e+04
4.354000000000000000e+03
8.100000000000000000e+02
2.231300000000000000e+04
4.363000000000000000e+04
1.172100000000000000e+04
7.000000000000000000e+02
2.397300000000000000e+04
2.148600000000000000e+04
3.884000000000000000e+04
4.567000000000000000e+04
3.145100000000000000e+04
2.270400000000000000e+04
2.014500000000000000e+04
1.228900000000000000e+04
2.304700000000000000e+04
4.030000000000000000e+02
1.951000000000000000e+04
2.628700000000000000e+04
1.281900000000000000e+04
5.347000000000000000e+03
9.537000000000000000e+03
2.411700000000000000e+04
5.193000000000000000e+03
4.412400000000000000e+04
4.199000000000000000e+03
1.941100000000000000e+04
3.341200000000000000e+04
1.869400000000000000e+04
2.531400000000000000e+04
3.889200000000000000e+04
1.174100000000000000e+04
1.533100000000000000e+04
3.308000000000000000e+03
3.469400000000000000e+04
2.988500000000000000e+04
2.973400000000000000e+04
1.909000000000000000e+04
3.232000000000000000e+03
3.314600000000000000e+04
9.237000000000000000e+03
1.113900000000000000e+04
5.980000000000000000e+03
3.291100000000000000e+04
2.122200000000000000e+04
2.978900000000000000e+04
3.188900000000000000e+04
3.741500000000000000e+04
1.347100000000000000e+04
4.692200000000000000e+04
2.119000000000000000e+03
2.483100000000000000e+04
2.933300000000000000e+04
2.966300000000000000e+04
5.139000000000000000e+03
1.452500000000000000e+04
9.227000000000000000e+03
2.574400000000000000e+04
2.559900000000000000e+04
1.520900000000000000e+04
2.503100000000000000e+04
1.019000000000000000e+04
7.820000000000000000e+02
9.248000000000000000e+03
1.144400000000000000e+04
3.272800000000000000e+04
3.354700000000000000e+04
4.888500000000000000e+04
2.925300000000000000e+04
1.293700000000000000e+04
3.166900000000000000e+04
4.216300000000000000e+04
1.608800000000000000e+04
4.735400000000000000e+04
4.714300000000000000e+04
1.627200000000000000e+04
1.258700000000000000e+04
4.741400000000000000e+04
1.660000000000000000e+04
1.849000000000000000e+04
1.128400000000000000e+04
4.863700000000000000e+04
4.349000000000000000e+04
2.976700000000000000e+04
4.443900000000000000e+04
3.695900000000000000e+04
2.656000000000000000e+04
9.000000000000000000e+01
4.190900000000000000e+04
8.155000000000000000e+03
8.986000000000000000e+03
1.407400000000000000e+04
1.281000000000000000e+04
4.282200000000000000e+04
2.568000000000000000e+03
3.987100000000000000e+04
3.933000000000000000e+03
3.340200000000000000e+04
4.175200000000000000e+04
4.801100000000000000e+04
2.032000000000000000e+03
8.620000000000000000e+03
1.254300000000000000e+04
1.246900000000000000e+04
1.267400000000000000e+04
1.481500000000000000e+04
1.628100000000000000e+04
2.632500000000000000e+04
2.984400000000000000e+04
9.068000000000000000e+03
4.432400000000000000e+04
4.266700000000000000e+04
5.922000000000000000e+03
9.588000000000000000e+03
1.814600000000000000e+04
4.235900000000000000e+04
2.839500000000000000e+04
2.912500000000000000e+04
3.534300000000000000e+04
1.885800000000000000e+04
4.759700000000000000e+04
3.843200000000000000e+04
2.571300000000000000e+04
8.541000000000000000e+03
2.830200000000000000e+04
2.931900000000000000e+04
4.099100000000000000e+04
3.772300000000000000e+04
2.063100000000000000e+04
4.585000000000000000e+03
4.502300000000000000e+04
3.863400000000000000e+04
2.635200000000000000e+04
2.546400000000000000e+04
4.310200000000000000e+04
4.060800000000000000e+04
6.428000000000000000e+03
8.017000000000000000e+03
2.009700000000000000e+04
4.513500000000000000e+04
3.573100000000000000e+04
3.519300000000000000e+04
1.793200000000000000e+04
2.168500000000000000e+04
2.241900000000000000e+04
1.786800000000000000e+04
3.122900000000000000e+04
4.365800000000000000e+04
3.636200000000000000e+04
7.791000000000000000e+03
6.645000000000000000e+03
2.891700000000000000e+04
2.692100000000000000e+04
9.313000000000000000e+03
4.601300000000000000e+04
2.378000000000000000e+04
1.872500000000000000e+04
1.966300000000000000e+04
4.831600000000000000e+04
2.046500000000000000e+04
1.242500000000000000e+04
3.789800000000000000e+04
2.562700000000000000e+04
1.933200000000000000e+04
2.793000000000000000e+03
2.293400000000000000e+04
4.905700000000000000e+04
4.877900000000000000e+04
5.829000000000000000e+03
2.547000000000000000e+04
2.033000000000000000e+03
2.606600000000000000e+04
2.832500000000000000e+04
4.420300000000000000e+04
3.496400000000000000e+04
3.198500000000000000e+04
4.605300000000000000e+04
1.125600000000000000e+04
3.421800000000000000e+04
5.354000000000000000e+03
2.278200000000000000e+04
4.075500000000000000e+04
1.665000000000000000e+03
3.885400000000000000e+04
2.793300000000000000e+04
4.807700000000000000e+04
4.790000000000000000e+02
4.760200000000000000e+04
4.214800000000000000e+04
2.952200000000000000e+04
3.082300000000000000e+04
4.930300000000000000e+04
4.250700000000000000e+04
2.863000000000000000e+04
1.890100000000000000e+04
3.574000000000000000e+04
3.259700000000000000e+04
1.226300000000000000e+04
2.528000000000000000e+03
2.465600000000000000e+04
3.758000000000000000e+03
4.164100000000000000e+04
3.217000000000000000e+03
1.095200000000000000e+04
8.527000000000000000e+03
4.890900000000000000e+04
1.041800000000000000e+04
1.708800000000000000e+04
4.832500000000000000e+04
2.749600000000000000e+04
2.983700000000000000e+04
1.876800000000000000e+04
7.965000000000000000e+03
2.911600000000000000e+04
2.063200000000000000e+04
4.142100000000000000e+04
3.710200000000000000e+04
3.224000000000000000e+03
2.065200000000000000e+04
4.402800000000000000e+04
1.469800000000000000e+04
2.941000000000000000e+03
2.465000000000000000e+04
6.957000000000000000e+03
4.749200000000000000e+04
2.893300000000000000e+04
8.116000000000000000e+03
3.321200000000000000e+04
2.227700000000000000e+04
1.728000000000000000e+04
4.087700000000000000e+04
1.746900000000000000e+04
4.626000000000000000e+04
3.848000000000000000e+04
3.747900000000000000e+04
3.766600000000000000e+04
1.621000000000000000e+04
4.689000000000000000e+04
3.916100000000000000e+04
1.290000000000000000e+04
1.093400000000000000e+04
4.011800000000000000e+04
4.576400000000000000e+04
2.496000000000000000e+03
1.604200000000000000e+04
4.496000000000000000e+03
3.797700000000000000e+04
1.395000000000000000e+04
3.721000000000000000e+04
1.534100000000000000e+04
3.059000000000000000e+04
1.948500000000000000e+04
2.502900000000000000e+04
4.499600000000000000e+04
2.074000000000000000e+04
5.801000000000000000e+03
2.814000000000000000e+03
9.571000000000000000e+03
1.877000000000000000e+04
3.809200000000000000e+04
2.574100000000000000e+04
5.678000000000000000e+03
2.732600000000000000e+04
7.679000000000000000e+03
2.091300000000000000e+04
3.159000000000000000e+03
5.747000000000000000e+03
4.607400000000000000e+04
7.946000000000000000e+03
4.346200000000000000e+04
2.143600000000000000e+04
1.296800000000000000e+04
1.525900000000000000e+04
4.926200000000000000e+04
3.328600000000000000e+04
1.110400000000000000e+04
2.572900000000000000e+04
1.358800000000000000e+04
1.270100000000000000e+04
1.844600000000000000e+04
4.463300000000000000e+04
9.589000000000000000e+03
2.005200000000000000e+04
4.885200000000000000e+04
1.800200000000000000e+04
4.890300000000000000e+04
4.046800000000000000e+04
9.276000000000000000e+03
4.756800000000000000e+04
4.833000000000000000e+03
1.860800000000000000e+04
3.876000000000000000e+04
2.670400000000000000e+04
2.173100000000000000e+04
3.346900000000000000e+04
1.000000000000000000e+02
4.367400000000000000e+04
4.276700000000000000e+04
4.233200000000000000e+04
2.118900000000000000e+04
3.294700000000000000e+04
1.493000000000000000e+04
4.198900000000000000e+04
3.872000000000000000e+04
2.170500000000000000e+04
3.111300000000000000e+04
3.478200000000000000e+04
1.114700000000000000e+04
3.636900000000000000e+04
8.142000000000000000e+03
7.416000000000000000e+03
1.234800000000000000e+04
1.804500000000000000e+04
1.122300000000000000e+04
4.285300000000000000e+04
3.321600000000000000e+04
4.182200000000000000e+04
4.650900000000000000e+04
3.851900000000000000e+04
4.313800000000000000e+04
6.690000000000000000e+02
3.510000000000000000e+04
2.828100000000000000e+04
2.661400000000000000e+04
1.184400000000000000e+04
1.089800000000000000e+04
3.175200000000000000e+04
3.672200000000000000e+04
3.404000000000000000e+04
4.460400000000000000e+04
1.234600000000000000e+04
2.180000000000000000e+04
3.483000000000000000e+04
2.828000000000000000e+04
3.058000000000000000e+04
1.800500000000000000e+04
2.518800000000000000e+04
1.775000000000000000e+03
6.932000000000000000e+03
4.011400000000000000e+04
4.996900000000000000e+04
2.122900000000000000e+04
1.634400000000000000e+04
2.461000000000000000e+04
4.653700000000000000e+04
1.218900000000000000e+04
2.695000000000000000e+04
4.880000000000000000e+02
3.433100000000000000e+04
1.117400000000000000e+04
1.410200000000000000e+04
1.063500000000000000e+04
1.712400000000000000e+04
2.792400000000000000e+04
1.239100000000000000e+04
9.680000000000000000e+02
2.254000000000000000e+04
4.591500000000000000e+04
1.263600000000000000e+04
2.841200000000000000e+04
3.360000000000000000e+04
2.074100000000000000e+04
1.157300000000000000e+04
4.140300000000000000e+04
9.064000000000000000e+03
4.272900000000000000e+04
3.517400000000000000e+04
3.375000000000000000e+03
2.564900000000000000e+04
1.384000000000000000e+03
3.187200000000000000e+04
2.689000000000000000e+04
7.757000000000000000e+03
6.715000000000000000e+03
4.577500000000000000e+04
1.641700000000000000e+04
2.306000000000000000e+03
3.392400000000000000e+04
4.415000000000000000e+04
1.161600000000000000e+04
4.945000000000000000e+04
4.002400000000000000e+04
1.673300000000000000e+04
5.700000000000000000e+02
8.872000000000000000e+03
4.046600000000000000e+04
1.984900000000000000e+04
4.306000000000000000e+03
2.039900000000000000e+04
2.304800000000000000e+04
3.155700000000000000e+04
3.007900000000000000e+04
2.455800000000000000e+04
3.536500000000000000e+04
2.289700000000000000e+04
4.641900000000000000e+04
4.980300000000000000e+04
3.181900000000000000e+04
4.957700000000000000e+04
2.320000000000000000e+02
1.537000000000000000e+04
4.584400000000000000e+04
1.943500000000000000e+04
1.969600000000000000e+04
1.517500000000000000e+04
4.802700000000000000e+04
2.210400000000000000e+04
1.016800000000000000e+04
1.591700000000000000e+04
2.285300000000000000e+04
4.558200000000000000e+04
3.988800000000000000e+04
1.600100000000000000e+04
5.960000000000000000e+03
3.811100000000000000e+04
4.490000000000000000e+03
4.863400000000000000e+04
3.408500000000000000e+04
3.947800000000000000e+04
2.114500000000000000e+04
3.102100000000000000e+04
4.427800000000000000e+04
1.926700000000000000e+04
1.166700000000000000e+04
3.791000000000000000e+03
2.694000000000000000e+03
8.845000000000000000e+03
